2026-03-10 14:56:51.713 [main] INFO  ORM.OneToManyExample.JPA.Application - Starting Application using Java 1.8.0_212 on kaq with PID 40856 (D:\JavaCodeExercise\MavenProject\target\classes started by l1597 in D:\JavaCodeExercise\MavenProject)
2026-03-10 14:56:51.716 [main] INFO  ORM.OneToManyExample.JPA.Application - No active profile set, falling back to 1 default profile: "default"
2026-03-10 14:56:52.096 [main] INFO  o.s.d.r.c.RepositoryConfigurationDelegate - Bootstrapping Spring Data JPA repositories in DEFAULT mode.
2026-03-10 14:56:52.127 [main] INFO  o.s.d.r.c.RepositoryConfigurationDelegate - Finished Spring Data repository scanning in 24 ms. Found 2 JPA repository interfaces.
2026-03-10 14:56:52.175 [main] WARN  o.m.s.mapper.ClassPathMapperScanner - No MyBatis mapper was found in '[ORM.OneToManyExample.JPA]' package. Please check your configuration.
2026-03-10 14:56:52.396 [main] INFO  o.s.b.w.e.tomcat.TomcatWebServer - Tomcat initialized with port(s): 8080 (http)
2026-03-10 14:56:52.400 [main] INFO  o.a.coyote.http11.Http11NioProtocol - Initializing ProtocolHandler ["http-nio-8080"]
2026-03-10 14:56:52.401 [main] INFO  o.a.catalina.core.StandardService - Starting service [Tomcat]
2026-03-10 14:56:52.401 [main] INFO  o.a.catalina.core.StandardEngine - Starting Servlet engine: [Apache Tomcat/9.0.83]
2026-03-10 14:56:52.490 [main] INFO  o.a.c.c.C.[Tomcat].[localhost].[/] - Initializing Spring embedded WebApplicationContext
2026-03-10 14:56:52.490 [main] INFO  o.s.b.w.s.c.ServletWebServerApplicationContext - Root WebApplicationContext: initialization completed in 745 ms
2026-03-10 14:56:52.588 [main] INFO  o.h.jpa.internal.util.LogHelper - HHH000204: Processing PersistenceUnitInfo [name: default]
2026-03-10 14:56:52.622 [main] INFO  org.hibernate.Version - HHH000412: Hibernate ORM core version 5.6.15.Final
2026-03-10 14:56:52.787 [main] INFO  o.h.annotations.common.Version - HCANN000001: Hibernate Commons Annotations {5.1.2.Final}
2026-03-10 14:56:52.847 [main] INFO  com.zaxxer.hikari.HikariDataSource - HikariPool-1 - Starting...
2026-03-10 14:56:52.918 [main] INFO  com.zaxxer.hikari.HikariDataSource - HikariPool-1 - Start completed.
2026-03-10 14:56:52.925 [main] INFO  org.hibernate.dialect.Dialect - HHH000400: Using dialect: org.hibernate.dialect.MySQL8Dialect
2026-03-10 14:56:53.057 [main] INFO  org.hibernate.tuple.PojoInstantiator - HHH000182: No default (no-argument) constructor for class: ORM.OneToManyExample.JPA.EnrollmentId (class must be instantiated by Interceptor)
2026-03-10 14:56:53.293 [main] INFO  o.h.e.t.j.p.i.JtaPlatformInitiator - HHH000490: Using JtaPlatform implementation: [org.hibernate.engine.transaction.jta.platform.internal.NoJtaPlatform]
2026-03-10 14:56:53.300 [main] INFO  o.s.o.j.LocalContainerEntityManagerFactoryBean - Initialized JPA EntityManagerFactory for persistence unit 'default'
2026-03-10 14:56:53.533 [main] WARN  o.s.b.a.o.j.JpaBaseConfiguration$JpaWebConfiguration - spring.jpa.open-in-view is enabled by default. Therefore, database queries may be performed during view rendering. Explicitly configure spring.jpa.open-in-view to disable this warning
2026-03-10 14:56:53.828 [main] INFO  o.a.coyote.http11.Http11NioProtocol - Starting ProtocolHandler ["http-nio-8080"]
2026-03-10 14:56:53.837 [main] INFO  o.s.b.w.e.tomcat.TomcatWebServer - Tomcat started on port(s): 8080 (http) with context path ''
2026-03-10 14:56:53.843 [main] INFO  ORM.OneToManyExample.JPA.Application - Started Application in 2.36 seconds (JVM running for 2.947)
2026-03-10 14:56:53.881 [main] INFO  o.s.b.a.l.ConditionEvaluationReportLoggingListener - 

Error starting ApplicationContext. To display the conditions report re-run your application with 'debug' enabled.
2026-03-10 14:56:53.894 [main] ERROR o.s.boot.SpringApplication - Application run failed
java.lang.IllegalStateException: Failed to execute CommandLineRunner
	at org.springframework.boot.SpringApplication.callRunner(SpringApplication.java:768)
	at org.springframework.boot.SpringApplication.lambda$callRunners$2(SpringApplication.java:749)
	at java.util.stream.ForEachOps$ForEachOp$OfRef.accept(ForEachOps.java:184)
	at java.util.stream.SortedOps$SizedRefSortingSink.end(SortedOps.java:352)
	at java.util.stream.AbstractPipeline.copyInto(AbstractPipeline.java:482)
	at java.util.stream.AbstractPipeline.wrapAndCopyInto(AbstractPipeline.java:471)
	at java.util.stream.ForEachOps$ForEachOp.evaluateSequential(ForEachOps.java:151)
	at java.util.stream.ForEachOps$ForEachOp$OfRef.evaluateSequential(ForEachOps.java:174)
	at java.util.stream.AbstractPipeline.evaluate(AbstractPipeline.java:234)
	at java.util.stream.ReferencePipeline.forEach(ReferencePipeline.java:418)
	at org.springframework.boot.SpringApplication.callRunners(SpringApplication.java:744)
	at org.springframework.boot.SpringApplication.run(SpringApplication.java:315)
	at org.springframework.boot.SpringApplication.run(SpringApplication.java:1300)
	at org.springframework.boot.SpringApplication.run(SpringApplication.java:1289)
	at ORM.OneToManyExample.JPA.Application.main(Application.java:20)
Caused by: org.hibernate.LazyInitializationException: failed to lazily initialize a collection of role: ORM.OneToManyExample.JPA.Student.enrollments, could not initialize proxy - no Session
	at org.hibernate.collection.internal.AbstractPersistentCollection.throwLazyInitializationException(AbstractPersistentCollection.java:614)
	at org.hibernate.collection.internal.AbstractPersistentCollection.withTemporarySessionIfNeeded(AbstractPersistentCollection.java:218)
	at org.hibernate.collection.internal.AbstractPersistentCollection.initialize(AbstractPersistentCollection.java:591)
	at org.hibernate.collection.internal.AbstractPersistentCollection.write(AbstractPersistentCollection.java:415)
	at org.hibernate.collection.internal.PersistentBag.add(PersistentBag.java:407)
	at ORM.OneToManyExample.JPA.Application.run(Application.java:35)
	at org.springframework.boot.SpringApplication.callRunner(SpringApplication.java:765)
	... 14 common frames omitted
2026-03-10 14:56:53.998 [main] INFO  o.s.o.j.LocalContainerEntityManagerFactoryBean - Closing JPA EntityManagerFactory for persistence unit 'default'
2026-03-10 14:56:53.999 [main] INFO  com.zaxxer.hikari.HikariDataSource - HikariPool-1 - Shutdown initiated...
2026-03-10 14:56:54.003 [main] INFO  com.zaxxer.hikari.HikariDataSource - HikariPool-1 - Shutdown completed.
2026-03-10 15:26:19.049 [main] INFO  ORM.OneToManyExample.JPA.Application - Starting Application using Java 1.8.0_212 on kaq with PID 9168 (D:\JavaCodeExercise\MavenProject\target\classes started by l1597 in D:\JavaCodeExercise\MavenProject)
2026-03-10 15:26:19.051 [main] INFO  ORM.OneToManyExample.JPA.Application - No active profile set, falling back to 1 default profile: "default"
2026-03-10 15:26:19.410 [main] INFO  o.s.d.r.c.RepositoryConfigurationDelegate - Bootstrapping Spring Data JPA repositories in DEFAULT mode.
2026-03-10 15:26:19.435 [main] INFO  o.s.d.r.c.RepositoryConfigurationDelegate - Finished Spring Data repository scanning in 20 ms. Found 2 JPA repository interfaces.
2026-03-10 15:26:19.481 [main] WARN  o.m.s.mapper.ClassPathMapperScanner - No MyBatis mapper was found in '[ORM.OneToManyExample.JPA]' package. Please check your configuration.
2026-03-10 15:26:19.669 [main] INFO  o.s.b.w.e.tomcat.TomcatWebServer - Tomcat initialized with port(s): 8080 (http)
2026-03-10 15:26:19.672 [main] INFO  o.a.coyote.http11.Http11NioProtocol - Initializing ProtocolHandler ["http-nio-8080"]
2026-03-10 15:26:19.672 [main] INFO  o.a.catalina.core.StandardService - Starting service [Tomcat]
2026-03-10 15:26:19.673 [main] INFO  o.a.catalina.core.StandardEngine - Starting Servlet engine: [Apache Tomcat/9.0.83]
2026-03-10 15:26:19.754 [main] INFO  o.a.c.c.C.[Tomcat].[localhost].[/] - Initializing Spring embedded WebApplicationContext
2026-03-10 15:26:19.754 [main] INFO  o.s.b.w.s.c.ServletWebServerApplicationContext - Root WebApplicationContext: initialization completed in 671 ms
2026-03-10 15:26:19.839 [main] INFO  o.h.jpa.internal.util.LogHelper - HHH000204: Processing PersistenceUnitInfo [name: default]
2026-03-10 15:26:19.859 [main] INFO  org.hibernate.Version - HHH000412: Hibernate ORM core version 5.6.15.Final
2026-03-10 15:26:19.990 [main] INFO  o.h.annotations.common.Version - HCANN000001: Hibernate Commons Annotations {5.1.2.Final}
2026-03-10 15:26:20.031 [main] INFO  com.zaxxer.hikari.HikariDataSource - HikariPool-1 - Starting...
2026-03-10 15:26:20.094 [main] INFO  com.zaxxer.hikari.HikariDataSource - HikariPool-1 - Start completed.
2026-03-10 15:26:20.100 [main] INFO  org.hibernate.dialect.Dialect - HHH000400: Using dialect: org.hibernate.dialect.MySQL8Dialect
2026-03-10 15:26:20.207 [main] INFO  org.hibernate.tuple.PojoInstantiator - HHH000182: No default (no-argument) constructor for class: ORM.OneToManyExample.JPA.EnrollmentId (class must be instantiated by Interceptor)
2026-03-10 15:26:20.395 [main] INFO  o.h.e.t.j.p.i.JtaPlatformInitiator - HHH000490: Using JtaPlatform implementation: [org.hibernate.engine.transaction.jta.platform.internal.NoJtaPlatform]
2026-03-10 15:26:20.400 [main] INFO  o.s.o.j.LocalContainerEntityManagerFactoryBean - Initialized JPA EntityManagerFactory for persistence unit 'default'
2026-03-10 15:26:20.604 [main] WARN  o.s.b.a.o.j.JpaBaseConfiguration$JpaWebConfiguration - spring.jpa.open-in-view is enabled by default. Therefore, database queries may be performed during view rendering. Explicitly configure spring.jpa.open-in-view to disable this warning
2026-03-10 15:26:20.883 [main] INFO  o.a.coyote.http11.Http11NioProtocol - Starting ProtocolHandler ["http-nio-8080"]
2026-03-10 15:26:20.892 [main] INFO  o.s.b.w.e.tomcat.TomcatWebServer - Tomcat started on port(s): 8080 (http) with context path ''
2026-03-10 15:26:20.897 [main] INFO  ORM.OneToManyExample.JPA.Application - Started Application in 2.074 seconds (JVM running for 2.69)
2026-03-10 15:26:20.951 [main] INFO  o.s.b.a.l.ConditionEvaluationReportLoggingListener - 

Error starting ApplicationContext. To display the conditions report re-run your application with 'debug' enabled.
2026-03-10 15:26:20.962 [main] ERROR o.s.boot.SpringApplication - Application run failed
java.lang.IllegalStateException: Failed to execute CommandLineRunner
	at org.springframework.boot.SpringApplication.callRunner(SpringApplication.java:768)
	at org.springframework.boot.SpringApplication.lambda$callRunners$2(SpringApplication.java:749)
	at java.util.stream.ForEachOps$ForEachOp$OfRef.accept(ForEachOps.java:184)
	at java.util.stream.SortedOps$SizedRefSortingSink.end(SortedOps.java:352)
	at java.util.stream.AbstractPipeline.copyInto(AbstractPipeline.java:482)
	at java.util.stream.AbstractPipeline.wrapAndCopyInto(AbstractPipeline.java:471)
	at java.util.stream.ForEachOps$ForEachOp.evaluateSequential(ForEachOps.java:151)
	at java.util.stream.ForEachOps$ForEachOp$OfRef.evaluateSequential(ForEachOps.java:174)
	at java.util.stream.AbstractPipeline.evaluate(AbstractPipeline.java:234)
	at java.util.stream.ReferencePipeline.forEach(ReferencePipeline.java:418)
	at org.springframework.boot.SpringApplication.callRunners(SpringApplication.java:744)
	at org.springframework.boot.SpringApplication.run(SpringApplication.java:315)
	at org.springframework.boot.SpringApplication.run(SpringApplication.java:1300)
	at org.springframework.boot.SpringApplication.run(SpringApplication.java:1289)
	at ORM.OneToManyExample.JPA.Application.main(Application.java:22)
Caused by: org.springframework.orm.jpa.JpaSystemException: No default constructor for entity:  : ORM.OneToManyExample.JPA.EnrollmentId; nested exception is org.hibernate.InstantiationException: No default constructor for entity:  : ORM.OneToManyExample.JPA.EnrollmentId
	at org.springframework.orm.jpa.vendor.HibernateJpaDialect.convertHibernateAccessException(HibernateJpaDialect.java:331)
	at org.springframework.orm.jpa.vendor.HibernateJpaDialect.translateExceptionIfPossible(HibernateJpaDialect.java:233)
	at org.springframework.orm.jpa.AbstractEntityManagerFactoryBean.translateExceptionIfPossible(AbstractEntityManagerFactoryBean.java:551)
	at org.springframework.dao.support.ChainedPersistenceExceptionTranslator.translateExceptionIfPossible(ChainedPersistenceExceptionTranslator.java:61)
	at org.springframework.dao.support.DataAccessUtils.translateIfNecessary(DataAccessUtils.java:243)
	at org.springframework.dao.support.PersistenceExceptionTranslationInterceptor.invoke(PersistenceExceptionTranslationInterceptor.java:152)
	at org.springframework.aop.framework.ReflectiveMethodInvocation.proceed(ReflectiveMethodInvocation.java:186)
	at org.springframework.data.jpa.repository.support.CrudMethodMetadataPostProcessor$CrudMethodMetadataPopulatingMethodInterceptor.invoke(CrudMethodMetadataPostProcessor.java:174)
	at org.springframework.aop.framework.ReflectiveMethodInvocation.proceed(ReflectiveMethodInvocation.java:186)
	at org.springframework.aop.interceptor.ExposeInvocationInterceptor.invoke(ExposeInvocationInterceptor.java:97)
	at org.springframework.aop.framework.ReflectiveMethodInvocation.proceed(ReflectiveMethodInvocation.java:186)
	at org.springframework.aop.framework.JdkDynamicAopProxy.invoke(JdkDynamicAopProxy.java:241)
	at com.sun.proxy.$Proxy106.saveAll(Unknown Source)
	at ORM.OneToManyExample.JPA.StudentService.saveAll(StudentService.java:33)
	at ORM.OneToManyExample.JPA.StudentService$$FastClassBySpringCGLIB$$5133120d.invoke(<generated>)
	at org.springframework.cglib.proxy.MethodProxy.invoke(MethodProxy.java:218)
	at org.springframework.aop.framework.CglibAopProxy$CglibMethodInvocation.invokeJoinpoint(CglibAopProxy.java:792)
	at org.springframework.aop.framework.ReflectiveMethodInvocation.proceed(ReflectiveMethodInvocation.java:163)
	at org.springframework.aop.framework.CglibAopProxy$CglibMethodInvocation.proceed(CglibAopProxy.java:762)
	at org.springframework.transaction.interceptor.TransactionInterceptor$1.proceedWithInvocation(TransactionInterceptor.java:123)
	at org.springframework.transaction.interceptor.TransactionAspectSupport.invokeWithinTransaction(TransactionAspectSupport.java:388)
	at org.springframework.transaction.interceptor.TransactionInterceptor.invoke(TransactionInterceptor.java:119)
	at org.springframework.aop.framework.ReflectiveMethodInvocation.proceed(ReflectiveMethodInvocation.java:186)
	at org.springframework.aop.framework.CglibAopProxy$CglibMethodInvocation.proceed(CglibAopProxy.java:762)
	at org.springframework.aop.framework.CglibAopProxy$DynamicAdvisedInterceptor.intercept(CglibAopProxy.java:707)
	at ORM.OneToManyExample.JPA.StudentService$$EnhancerBySpringCGLIB$$9bbdae1d.saveAll(<generated>)
	at ORM.OneToManyExample.JPA.Application.run(Application.java:56)
	at ORM.OneToManyExample.JPA.Application$$FastClassBySpringCGLIB$$e191d81d.invoke(<generated>)
	at org.springframework.cglib.proxy.MethodProxy.invoke(MethodProxy.java:218)
	at org.springframework.aop.framework.CglibAopProxy$CglibMethodInvocation.invokeJoinpoint(CglibAopProxy.java:792)
	at org.springframework.aop.framework.ReflectiveMethodInvocation.proceed(ReflectiveMethodInvocation.java:163)
	at org.springframework.aop.framework.CglibAopProxy$CglibMethodInvocation.proceed(CglibAopProxy.java:762)
	at org.springframework.transaction.interceptor.TransactionInterceptor$1.proceedWithInvocation(TransactionInterceptor.java:123)
	at org.springframework.transaction.interceptor.TransactionAspectSupport.invokeWithinTransaction(TransactionAspectSupport.java:388)
	at org.springframework.transaction.interceptor.TransactionInterceptor.invoke(TransactionInterceptor.java:119)
	at org.springframework.aop.framework.ReflectiveMethodInvocation.proceed(ReflectiveMethodInvocation.java:186)
	at org.springframework.aop.framework.CglibAopProxy$CglibMethodInvocation.proceed(CglibAopProxy.java:762)
	at org.springframework.aop.framework.CglibAopProxy$DynamicAdvisedInterceptor.intercept(CglibAopProxy.java:707)
	at ORM.OneToManyExample.JPA.Application$$EnhancerBySpringCGLIB$$f4d5f8b6.run(<generated>)
	at org.springframework.boot.SpringApplication.callRunner(SpringApplication.java:765)
	... 14 common frames omitted
Caused by: org.hibernate.InstantiationException: No default constructor for entity:  : ORM.OneToManyExample.JPA.EnrollmentId
	at org.hibernate.tuple.PojoInstantiator.instantiate(PojoInstantiator.java:85)
	at org.hibernate.tuple.component.AbstractComponentTuplizer.instantiate(AbstractComponentTuplizer.java:84)
	at org.hibernate.type.ComponentType.instantiate(ComponentType.java:587)
	at org.hibernate.tuple.entity.AbstractEntityTuplizer$NormalMappedIdentifierValueMarshaller.getIdentifier(AbstractEntityTuplizer.java:336)
	at org.hibernate.tuple.entity.AbstractEntityTuplizer.getIdentifier(AbstractEntityTuplizer.java:227)
	at org.hibernate.persister.entity.AbstractEntityPersister.getIdentifier(AbstractEntityPersister.java:5309)
	at org.hibernate.event.internal.DefaultMergeEventListener.onMerge(DefaultMergeEventListener.java:153)
	at org.hibernate.event.service.internal.EventListenerGroupImpl.fireEventOnEachListener(EventListenerGroupImpl.java:118)
	at org.hibernate.internal.SessionImpl.fireMerge(SessionImpl.java:849)
	at org.hibernate.internal.SessionImpl.merge(SessionImpl.java:822)
	at org.hibernate.engine.spi.CascadingActions$6.cascade(CascadingActions.java:261)
	at org.hibernate.engine.internal.Cascade.cascadeToOne(Cascade.java:510)
	at org.hibernate.engine.internal.Cascade.cascadeAssociation(Cascade.java:434)
	at org.hibernate.engine.internal.Cascade.cascadeProperty(Cascade.java:220)
	at org.hibernate.engine.internal.Cascade.cascadeCollectionElements(Cascade.java:543)
	at org.hibernate.engine.internal.Cascade.cascadeCollection(Cascade.java:474)
	at org.hibernate.engine.internal.Cascade.cascadeAssociation(Cascade.java:437)
	at org.hibernate.engine.internal.Cascade.cascadeProperty(Cascade.java:220)
	at org.hibernate.engine.internal.Cascade.cascade(Cascade.java:153)
	at org.hibernate.event.internal.DefaultMergeEventListener.cascadeOnMerge(DefaultMergeEventListener.java:521)
	at org.hibernate.event.internal.DefaultMergeEventListener.entityIsPersistent(DefaultMergeEventListener.java:207)
	at org.hibernate.event.internal.DefaultMergeEventListener.onMerge(DefaultMergeEventListener.java:181)
	at org.hibernate.event.internal.DefaultMergeEventListener.onMerge(DefaultMergeEventListener.java:74)
	at org.hibernate.event.service.internal.EventListenerGroupImpl.fireEventOnEachListener(EventListenerGroupImpl.java:107)
	at org.hibernate.internal.SessionImpl.fireMerge(SessionImpl.java:829)
	at org.hibernate.internal.SessionImpl.merge(SessionImpl.java:816)
	at sun.reflect.NativeMethodAccessorImpl.invoke0(Native Method)
	at sun.reflect.NativeMethodAccessorImpl.invoke(NativeMethodAccessorImpl.java:62)
	at sun.reflect.DelegatingMethodAccessorImpl.invoke(DelegatingMethodAccessorImpl.java:43)
	at java.lang.reflect.Method.invoke(Method.java:498)
	at org.springframework.orm.jpa.SharedEntityManagerCreator$SharedEntityManagerInvocationHandler.invoke(SharedEntityManagerCreator.java:315)
	at com.sun.proxy.$Proxy101.merge(Unknown Source)
	at org.springframework.data.jpa.repository.support.SimpleJpaRepository.save(SimpleJpaRepository.java:669)
	at org.springframework.data.jpa.repository.support.SimpleJpaRepository.saveAll(SimpleJpaRepository.java:700)
	at org.springframework.data.jpa.repository.support.SimpleJpaRepository.saveAll(SimpleJpaRepository.java:88)
	at sun.reflect.NativeMethodAccessorImpl.invoke0(Native Method)
	at sun.reflect.NativeMethodAccessorImpl.invoke(NativeMethodAccessorImpl.java:62)
	at sun.reflect.DelegatingMethodAccessorImpl.invoke(DelegatingMethodAccessorImpl.java:43)
	at java.lang.reflect.Method.invoke(Method.java:498)
	at org.springframework.data.repository.core.support.RepositoryMethodInvoker$RepositoryFragmentMethodInvoker.lambda$new$0(RepositoryMethodInvoker.java:289)
	at org.springframework.data.repository.core.support.RepositoryMethodInvoker.doInvoke(RepositoryMethodInvoker.java:137)
	at org.springframework.data.repository.core.support.RepositoryMethodInvoker.invoke(RepositoryMethodInvoker.java:121)
	at org.springframework.data.repository.core.support.RepositoryComposition$RepositoryFragments.invoke(RepositoryComposition.java:530)
	at org.springframework.data.repository.core.support.RepositoryComposition.invoke(RepositoryComposition.java:286)
	at org.springframework.data.repository.core.support.RepositoryFactorySupport$ImplementationMethodExecutionInterceptor.invoke(RepositoryFactorySupport.java:640)
	at org.springframework.aop.framework.ReflectiveMethodInvocation.proceed(ReflectiveMethodInvocation.java:186)
	at org.springframework.data.repository.core.support.QueryExecutorMethodInterceptor.doInvoke(QueryExecutorMethodInterceptor.java:164)
	at org.springframework.data.repository.core.support.QueryExecutorMethodInterceptor.invoke(QueryExecutorMethodInterceptor.java:139)
	at org.springframework.aop.framework.ReflectiveMethodInvocation.proceed(ReflectiveMethodInvocation.java:186)
	at org.springframework.data.projection.DefaultMethodInvokingMethodInterceptor.invoke(DefaultMethodInvokingMethodInterceptor.java:76)
	at org.springframework.aop.framework.ReflectiveMethodInvocation.proceed(ReflectiveMethodInvocation.java:186)
	at org.springframework.transaction.interceptor.TransactionInterceptor$1.proceedWithInvocation(TransactionInterceptor.java:123)
	at org.springframework.transaction.interceptor.TransactionAspectSupport.invokeWithinTransaction(TransactionAspectSupport.java:388)
	at org.springframework.transaction.interceptor.TransactionInterceptor.invoke(TransactionInterceptor.java:119)
	at org.springframework.aop.framework.ReflectiveMethodInvocation.proceed(ReflectiveMethodInvocation.java:186)
	at org.springframework.dao.support.PersistenceExceptionTranslationInterceptor.invoke(PersistenceExceptionTranslationInterceptor.java:137)
	... 48 common frames omitted
2026-03-10 15:26:21.074 [main] INFO  o.s.o.j.LocalContainerEntityManagerFactoryBean - Closing JPA EntityManagerFactory for persistence unit 'default'
2026-03-10 15:26:21.075 [main] INFO  com.zaxxer.hikari.HikariDataSource - HikariPool-1 - Shutdown initiated...
2026-03-10 15:26:21.078 [main] INFO  com.zaxxer.hikari.HikariDataSource - HikariPool-1 - Shutdown completed.
2026-03-10 15:35:47.743 [main] INFO  ORM.OneToManyExample.JPA.Application - Starting Application using Java 1.8.0_212 on kaq with PID 9516 (D:\JavaCodeExercise\MavenProject\target\classes started by l1597 in D:\JavaCodeExercise\MavenProject)
2026-03-10 15:35:47.745 [main] INFO  ORM.OneToManyExample.JPA.Application - No active profile set, falling back to 1 default profile: "default"
2026-03-10 15:35:48.069 [main] INFO  o.s.d.r.c.RepositoryConfigurationDelegate - Bootstrapping Spring Data JPA repositories in DEFAULT mode.
2026-03-10 15:35:48.092 [main] INFO  o.s.d.r.c.RepositoryConfigurationDelegate - Finished Spring Data repository scanning in 19 ms. Found 2 JPA repository interfaces.
2026-03-10 15:35:48.136 [main] WARN  o.m.s.mapper.ClassPathMapperScanner - No MyBatis mapper was found in '[ORM.OneToManyExample.JPA]' package. Please check your configuration.
2026-03-10 15:35:48.325 [main] INFO  o.s.b.w.e.tomcat.TomcatWebServer - Tomcat initialized with port(s): 8080 (http)
2026-03-10 15:35:48.329 [main] INFO  o.a.coyote.http11.Http11NioProtocol - Initializing ProtocolHandler ["http-nio-8080"]
2026-03-10 15:35:48.330 [main] INFO  o.a.catalina.core.StandardService - Starting service [Tomcat]
2026-03-10 15:35:48.330 [main] INFO  o.a.catalina.core.StandardEngine - Starting Servlet engine: [Apache Tomcat/9.0.83]
2026-03-10 15:35:48.412 [main] INFO  o.a.c.c.C.[Tomcat].[localhost].[/] - Initializing Spring embedded WebApplicationContext
2026-03-10 15:35:48.412 [main] INFO  o.s.b.w.s.c.ServletWebServerApplicationContext - Root WebApplicationContext: initialization completed in 634 ms
2026-03-10 15:35:48.500 [main] INFO  o.h.jpa.internal.util.LogHelper - HHH000204: Processing PersistenceUnitInfo [name: default]
2026-03-10 15:35:48.519 [main] INFO  org.hibernate.Version - HHH000412: Hibernate ORM core version 5.6.15.Final
2026-03-10 15:35:48.660 [main] INFO  o.h.annotations.common.Version - HCANN000001: Hibernate Commons Annotations {5.1.2.Final}
2026-03-10 15:35:48.700 [main] INFO  com.zaxxer.hikari.HikariDataSource - HikariPool-1 - Starting...
2026-03-10 15:35:48.761 [main] INFO  com.zaxxer.hikari.HikariDataSource - HikariPool-1 - Start completed.
2026-03-10 15:35:48.768 [main] INFO  org.hibernate.dialect.Dialect - HHH000400: Using dialect: org.hibernate.dialect.MySQL8Dialect
2026-03-10 15:35:49.077 [main] INFO  o.h.e.t.j.p.i.JtaPlatformInitiator - HHH000490: Using JtaPlatform implementation: [org.hibernate.engine.transaction.jta.platform.internal.NoJtaPlatform]
2026-03-10 15:35:49.082 [main] INFO  o.s.o.j.LocalContainerEntityManagerFactoryBean - Initialized JPA EntityManagerFactory for persistence unit 'default'
2026-03-10 15:35:49.286 [main] WARN  o.s.b.a.o.j.JpaBaseConfiguration$JpaWebConfiguration - spring.jpa.open-in-view is enabled by default. Therefore, database queries may be performed during view rendering. Explicitly configure spring.jpa.open-in-view to disable this warning
2026-03-10 15:35:49.584 [main] INFO  o.a.coyote.http11.Http11NioProtocol - Starting ProtocolHandler ["http-nio-8080"]
2026-03-10 15:35:49.593 [main] INFO  o.s.b.w.e.tomcat.TomcatWebServer - Tomcat started on port(s): 8080 (http) with context path ''
2026-03-10 15:35:49.597 [main] INFO  ORM.OneToManyExample.JPA.Application - Started Application in 2.065 seconds (JVM running for 2.726)
2026-03-10 15:35:49.682 [main] INFO  o.s.b.a.l.ConditionEvaluationReportLoggingListener - 

Error starting ApplicationContext. To display the conditions report re-run your application with 'debug' enabled.
2026-03-10 15:35:49.695 [main] ERROR o.s.boot.SpringApplication - Application run failed
java.lang.StackOverflowError: null
	at java.lang.AbstractStringBuilder.ensureCapacityInternal(AbstractStringBuilder.java:125)
	at java.lang.AbstractStringBuilder.append(AbstractStringBuilder.java:448)
	at java.lang.StringBuilder.append(StringBuilder.java:136)
	at ORM.OneToManyExample.JPA.Enrollment.toString(Enrollment.java:8)
	at java.lang.String.valueOf(String.java:2994)
	at java.lang.StringBuilder.append(StringBuilder.java:131)
	at java.util.AbstractCollection.toString(AbstractCollection.java:462)
	at org.hibernate.collection.internal.PersistentBag.toString(PersistentBag.java:622)
	at java.lang.String.valueOf(String.java:2994)
	at java.lang.StringBuilder.append(StringBuilder.java:131)
	at ORM.OneToManyExample.JPA.Student.toString(Student.java:11)
	at java.lang.String.valueOf(String.java:2994)
	at java.lang.StringBuilder.append(StringBuilder.java:131)
	at ORM.OneToManyExample.JPA.Enrollment.toString(Enrollment.java:8)
	at java.lang.String.valueOf(String.java:2994)
	at java.lang.StringBuilder.append(StringBuilder.java:131)
	at java.util.AbstractCollection.toString(AbstractCollection.java:462)
	at org.hibernate.collection.internal.PersistentBag.toString(PersistentBag.java:622)
	at java.lang.String.valueOf(String.java:2994)
	at java.lang.StringBuilder.append(StringBuilder.java:131)
	at ORM.OneToManyExample.JPA.Student.toString(Student.java:11)
	at java.lang.String.valueOf(String.java:2994)
	at java.lang.StringBuilder.append(StringBuilder.java:131)
	at ORM.OneToManyExample.JPA.Enrollment.toString(Enrollment.java:8)
	at java.lang.String.valueOf(String.java:2994)
	at java.lang.StringBuilder.append(StringBuilder.java:131)
	at java.util.AbstractCollection.toString(AbstractCollection.java:462)
	at org.hibernate.collection.internal.PersistentBag.toString(PersistentBag.java:622)
	at java.lang.String.valueOf(String.java:2994)
	at java.lang.StringBuilder.append(StringBuilder.java:131)
	at ORM.OneToManyExample.JPA.Student.toString(Student.java:11)
	at java.lang.String.valueOf(String.java:2994)
	at java.lang.StringBuilder.append(StringBuilder.java:131)
	at ORM.OneToManyExample.JPA.Enrollment.toString(Enrollment.java:8)
	at java.lang.String.valueOf(String.java:2994)
	at java.lang.StringBuilder.append(StringBuilder.java:131)
	at java.util.AbstractCollection.toString(AbstractCollection.java:462)
	at org.hibernate.collection.internal.PersistentBag.toString(PersistentBag.java:622)
	at java.lang.String.valueOf(String.java:2994)
	at java.lang.StringBuilder.append(StringBuilder.java:131)
	at ORM.OneToManyExample.JPA.Student.toString(Student.java:11)
	at java.lang.String.valueOf(String.java:2994)
	at java.lang.StringBuilder.append(StringBuilder.java:131)
	at ORM.OneToManyExample.JPA.Enrollment.toString(Enrollment.java:8)
	at java.lang.String.valueOf(String.java:2994)
	at java.lang.StringBuilder.append(StringBuilder.java:131)
	at java.util.AbstractCollection.toString(AbstractCollection.java:462)
	at org.hibernate.collection.internal.PersistentBag.toString(PersistentBag.java:622)
	at java.lang.String.valueOf(String.java:2994)
	at java.lang.StringBuilder.append(StringBuilder.java:131)
	at ORM.OneToManyExample.JPA.Student.toString(Student.java:11)
	at java.lang.String.valueOf(String.java:2994)
	at java.lang.StringBuilder.append(StringBuilder.java:131)
	at ORM.OneToManyExample.JPA.Enrollment.toString(Enrollment.java:8)
	at java.lang.String.valueOf(String.java:2994)
	at java.lang.StringBuilder.append(StringBuilder.java:131)
	at java.util.AbstractCollection.toString(AbstractCollection.java:462)
	at org.hibernate.collection.internal.PersistentBag.toString(PersistentBag.java:622)
	at java.lang.String.valueOf(String.java:2994)
	at java.lang.StringBuilder.append(StringBuilder.java:131)
	at ORM.OneToManyExample.JPA.Student.toString(Student.java:11)
	at java.lang.String.valueOf(String.java:2994)
	at java.lang.StringBuilder.append(StringBuilder.java:131)
	at ORM.OneToManyExample.JPA.Enrollment.toString(Enrollment.java:8)
	at java.lang.String.valueOf(String.java:2994)
	at java.lang.StringBuilder.append(StringBuilder.java:131)
	at java.util.AbstractCollection.toString(AbstractCollection.java:462)
	at org.hibernate.collection.internal.PersistentBag.toString(PersistentBag.java:622)
	at java.lang.String.valueOf(String.java:2994)
	at java.lang.StringBuilder.append(StringBuilder.java:131)
	at ORM.OneToManyExample.JPA.Student.toString(Student.java:11)
	at java.lang.String.valueOf(String.java:2994)
	at java.lang.StringBuilder.append(StringBuilder.java:131)
	at ORM.OneToManyExample.JPA.Enrollment.toString(Enrollment.java:8)
	at java.lang.String.valueOf(String.java:2994)
	at java.lang.StringBuilder.append(StringBuilder.java:131)
	at java.util.AbstractCollection.toString(AbstractCollection.java:462)
	at org.hibernate.collection.internal.PersistentBag.toString(PersistentBag.java:622)
	at java.lang.String.valueOf(String.java:2994)
	at java.lang.StringBuilder.append(StringBuilder.java:131)
	at ORM.OneToManyExample.JPA.Student.toString(Student.java:11)
	at java.lang.String.valueOf(String.java:2994)
	at java.lang.StringBuilder.append(StringBuilder.java:131)
	at ORM.OneToManyExample.JPA.Enrollment.toString(Enrollment.java:8)
	at java.lang.String.valueOf(String.java:2994)
	at java.lang.StringBuilder.append(StringBuilder.java:131)
	at java.util.AbstractCollection.toString(AbstractCollection.java:462)
	at org.hibernate.collection.internal.PersistentBag.toString(PersistentBag.java:622)
	at java.lang.String.valueOf(String.java:2994)
	at java.lang.StringBuilder.append(StringBuilder.java:131)
	at ORM.OneToManyExample.JPA.Student.toString(Student.java:11)
	at java.lang.String.valueOf(String.java:2994)
	at java.lang.StringBuilder.append(StringBuilder.java:131)
	at ORM.OneToManyExample.JPA.Enrollment.toString(Enrollment.java:8)
	at java.lang.String.valueOf(String.java:2994)
	at java.lang.StringBuilder.append(StringBuilder.java:131)
	at java.util.AbstractCollection.toString(AbstractCollection.java:462)
	at org.hibernate.collection.internal.PersistentBag.toString(PersistentBag.java:622)
	at java.lang.String.valueOf(String.java:2994)
	at java.lang.StringBuilder.append(StringBuilder.java:131)
	at ORM.OneToManyExample.JPA.Student.toString(Student.java:11)
	at java.lang.String.valueOf(String.java:2994)
	at java.lang.StringBuilder.append(StringBuilder.java:131)
	at ORM.OneToManyExample.JPA.Enrollment.toString(Enrollment.java:8)
	at java.lang.String.valueOf(String.java:2994)
	at java.lang.StringBuilder.append(StringBuilder.java:131)
	at java.util.AbstractCollection.toString(AbstractCollection.java:462)
	at org.hibernate.collection.internal.PersistentBag.toString(PersistentBag.java:622)
	at java.lang.String.valueOf(String.java:2994)
	at java.lang.StringBuilder.append(StringBuilder.java:131)
	at ORM.OneToManyExample.JPA.Student.toString(Student.java:11)
	at java.lang.String.valueOf(String.java:2994)
	at java.lang.StringBuilder.append(StringBuilder.java:131)
	at ORM.OneToManyExample.JPA.Enrollment.toString(Enrollment.java:8)
	at java.lang.String.valueOf(String.java:2994)
	at java.lang.StringBuilder.append(StringBuilder.java:131)
	at java.util.AbstractCollection.toString(AbstractCollection.java:462)
	at org.hibernate.collection.internal.PersistentBag.toString(PersistentBag.java:622)
	at java.lang.String.valueOf(String.java:2994)
	at java.lang.StringBuilder.append(StringBuilder.java:131)
	at ORM.OneToManyExample.JPA.Student.toString(Student.java:11)
	at java.lang.String.valueOf(String.java:2994)
	at java.lang.StringBuilder.append(StringBuilder.java:131)
	at ORM.OneToManyExample.JPA.Enrollment.toString(Enrollment.java:8)
	at java.lang.String.valueOf(String.java:2994)
	at java.lang.StringBuilder.append(StringBuilder.java:131)
	at java.util.AbstractCollection.toString(AbstractCollection.java:462)
	at org.hibernate.collection.internal.PersistentBag.toString(PersistentBag.java:622)
	at java.lang.String.valueOf(String.java:2994)
	at java.lang.StringBuilder.append(StringBuilder.java:131)
	at ORM.OneToManyExample.JPA.Student.toString(Student.java:11)
	at java.lang.String.valueOf(String.java:2994)
	at java.lang.StringBuilder.append(StringBuilder.java:131)
	at ORM.OneToManyExample.JPA.Enrollment.toString(Enrollment.java:8)
	at java.lang.String.valueOf(String.java:2994)
	at java.lang.StringBuilder.append(StringBuilder.java:131)
	at java.util.AbstractCollection.toString(AbstractCollection.java:462)
	at org.hibernate.collection.internal.PersistentBag.toString(PersistentBag.java:622)
	at java.lang.String.valueOf(String.java:2994)
	at java.lang.StringBuilder.append(StringBuilder.java:131)
	at ORM.OneToManyExample.JPA.Student.toString(Student.java:11)
	at java.lang.String.valueOf(String.java:2994)
	at java.lang.StringBuilder.append(StringBuilder.java:131)
	at ORM.OneToManyExample.JPA.Enrollment.toString(Enrollment.java:8)
	at java.lang.String.valueOf(String.java:2994)
	at java.lang.StringBuilder.append(StringBuilder.java:131)
	at java.util.AbstractCollection.toString(AbstractCollection.java:462)
	at org.hibernate.collection.internal.PersistentBag.toString(PersistentBag.java:622)
	at java.lang.String.valueOf(String.java:2994)
	at java.lang.StringBuilder.append(StringBuilder.java:131)
	at ORM.OneToManyExample.JPA.Student.toString(Student.java:11)
	at java.lang.String.valueOf(String.java:2994)
	at java.lang.StringBuilder.append(StringBuilder.java:131)
	at ORM.OneToManyExample.JPA.Enrollment.toString(Enrollment.java:8)
	at java.lang.String.valueOf(String.java:2994)
	at java.lang.StringBuilder.append(StringBuilder.java:131)
	at java.util.AbstractCollection.toString(AbstractCollection.java:462)
	at org.hibernate.collection.internal.PersistentBag.toString(PersistentBag.java:622)
	at java.lang.String.valueOf(String.java:2994)
	at java.lang.StringBuilder.append(StringBuilder.java:131)
	at ORM.OneToManyExample.JPA.Student.toString(Student.java:11)
	at java.lang.String.valueOf(String.java:2994)
	at java.lang.StringBuilder.append(StringBuilder.java:131)
	at ORM.OneToManyExample.JPA.Enrollment.toString(Enrollment.java:8)
	at java.lang.String.valueOf(String.java:2994)
	at java.lang.StringBuilder.append(StringBuilder.java:131)
	at java.util.AbstractCollection.toString(AbstractCollection.java:462)
	at org.hibernate.collection.internal.PersistentBag.toString(PersistentBag.java:622)
	at java.lang.String.valueOf(String.java:2994)
	at java.lang.StringBuilder.append(StringBuilder.java:131)
	at ORM.OneToManyExample.JPA.Student.toString(Student.java:11)
	at java.lang.String.valueOf(String.java:2994)
	at java.lang.StringBuilder.append(StringBuilder.java:131)
	at ORM.OneToManyExample.JPA.Enrollment.toString(Enrollment.java:8)
	at java.lang.String.valueOf(String.java:2994)
	at java.lang.StringBuilder.append(StringBuilder.java:131)
	at java.util.AbstractCollection.toString(AbstractCollection.java:462)
	at org.hibernate.collection.internal.PersistentBag.toString(PersistentBag.java:622)
	at java.lang.String.valueOf(String.java:2994)
	at java.lang.StringBuilder.append(StringBuilder.java:131)
	at ORM.OneToManyExample.JPA.Student.toString(Student.java:11)
	at java.lang.String.valueOf(String.java:2994)
	at java.lang.StringBuilder.append(StringBuilder.java:131)
	at ORM.OneToManyExample.JPA.Enrollment.toString(Enrollment.java:8)
	at java.lang.String.valueOf(String.java:2994)
	at java.lang.StringBuilder.append(StringBuilder.java:131)
	at java.util.AbstractCollection.toString(AbstractCollection.java:462)
	at org.hibernate.collection.internal.PersistentBag.toString(PersistentBag.java:622)
	at java.lang.String.valueOf(String.java:2994)
	at java.lang.StringBuilder.append(StringBuilder.java:131)
	at ORM.OneToManyExample.JPA.Student.toString(Student.java:11)
	at java.lang.String.valueOf(String.java:2994)
	at java.lang.StringBuilder.append(StringBuilder.java:131)
	at ORM.OneToManyExample.JPA.Enrollment.toString(Enrollment.java:8)
	at java.lang.String.valueOf(String.java:2994)
	at java.lang.StringBuilder.append(StringBuilder.java:131)
	at java.util.AbstractCollection.toString(AbstractCollection.java:462)
	at org.hibernate.collection.internal.PersistentBag.toString(PersistentBag.java:622)
	at java.lang.String.valueOf(String.java:2994)
	at java.lang.StringBuilder.append(StringBuilder.java:131)
	at ORM.OneToManyExample.JPA.Student.toString(Student.java:11)
	at java.lang.String.valueOf(String.java:2994)
	at java.lang.StringBuilder.append(StringBuilder.java:131)
	at ORM.OneToManyExample.JPA.Enrollment.toString(Enrollment.java:8)
	at java.lang.String.valueOf(String.java:2994)
	at java.lang.StringBuilder.append(StringBuilder.java:131)
	at java.util.AbstractCollection.toString(AbstractCollection.java:462)
	at org.hibernate.collection.internal.PersistentBag.toString(PersistentBag.java:622)
	at java.lang.String.valueOf(String.java:2994)
	at java.lang.StringBuilder.append(StringBuilder.java:131)
	at ORM.OneToManyExample.JPA.Student.toString(Student.java:11)
	at java.lang.String.valueOf(String.java:2994)
	at java.lang.StringBuilder.append(StringBuilder.java:131)
	at ORM.OneToManyExample.JPA.Enrollment.toString(Enrollment.java:8)
	at java.lang.String.valueOf(String.java:2994)
	at java.lang.StringBuilder.append(StringBuilder.java:131)
	at java.util.AbstractCollection.toString(AbstractCollection.java:462)
	at org.hibernate.collection.internal.PersistentBag.toString(PersistentBag.java:622)
	at java.lang.String.valueOf(String.java:2994)
	at java.lang.StringBuilder.append(StringBuilder.java:131)
	at ORM.OneToManyExample.JPA.Student.toString(Student.java:11)
	at java.lang.String.valueOf(String.java:2994)
	at java.lang.StringBuilder.append(StringBuilder.java:131)
	at ORM.OneToManyExample.JPA.Enrollment.toString(Enrollment.java:8)
	at java.lang.String.valueOf(String.java:2994)
	at java.lang.StringBuilder.append(StringBuilder.java:131)
	at java.util.AbstractCollection.toString(AbstractCollection.java:462)
	at org.hibernate.collection.internal.PersistentBag.toString(PersistentBag.java:622)
	at java.lang.String.valueOf(String.java:2994)
	at java.lang.StringBuilder.append(StringBuilder.java:131)
	at ORM.OneToManyExample.JPA.Student.toString(Student.java:11)
	at java.lang.String.valueOf(String.java:2994)
	at java.lang.StringBuilder.append(StringBuilder.java:131)
	at ORM.OneToManyExample.JPA.Enrollment.toString(Enrollment.java:8)
	at java.lang.String.valueOf(String.java:2994)
	at java.lang.StringBuilder.append(StringBuilder.java:131)
	at java.util.AbstractCollection.toString(AbstractCollection.java:462)
	at org.hibernate.collection.internal.PersistentBag.toString(PersistentBag.java:622)
	at java.lang.String.valueOf(String.java:2994)
	at java.lang.StringBuilder.append(StringBuilder.java:131)
	at ORM.OneToManyExample.JPA.Student.toString(Student.java:11)
	at java.lang.String.valueOf(String.java:2994)
	at java.lang.StringBuilder.append(StringBuilder.java:131)
	at ORM.OneToManyExample.JPA.Enrollment.toString(Enrollment.java:8)
	at java.lang.String.valueOf(String.java:2994)
	at java.lang.StringBuilder.append(StringBuilder.java:131)
	at java.util.AbstractCollection.toString(AbstractCollection.java:462)
	at org.hibernate.collection.internal.PersistentBag.toString(PersistentBag.java:622)
	at java.lang.String.valueOf(String.java:2994)
	at java.lang.StringBuilder.append(StringBuilder.java:131)
	at ORM.OneToManyExample.JPA.Student.toString(Student.java:11)
	at java.lang.String.valueOf(String.java:2994)
	at java.lang.StringBuilder.append(StringBuilder.java:131)
	at ORM.OneToManyExample.JPA.Enrollment.toString(Enrollment.java:8)
	at java.lang.String.valueOf(String.java:2994)
	at java.lang.StringBuilder.append(StringBuilder.java:131)
	at java.util.AbstractCollection.toString(AbstractCollection.java:462)
	at org.hibernate.collection.internal.PersistentBag.toString(PersistentBag.java:622)
	at java.lang.String.valueOf(String.java:2994)
	at java.lang.StringBuilder.append(StringBuilder.java:131)
	at ORM.OneToManyExample.JPA.Student.toString(Student.java:11)
	at java.lang.String.valueOf(String.java:2994)
	at java.lang.StringBuilder.append(StringBuilder.java:131)
	at ORM.OneToManyExample.JPA.Enrollment.toString(Enrollment.java:8)
	at java.lang.String.valueOf(String.java:2994)
	at java.lang.StringBuilder.append(StringBuilder.java:131)
	at java.util.AbstractCollection.toString(AbstractCollection.java:462)
	at org.hibernate.collection.internal.PersistentBag.toString(PersistentBag.java:622)
	at java.lang.String.valueOf(String.java:2994)
	at java.lang.StringBuilder.append(StringBuilder.java:131)
	at ORM.OneToManyExample.JPA.Student.toString(Student.java:11)
	at java.lang.String.valueOf(String.java:2994)
	at java.lang.StringBuilder.append(StringBuilder.java:131)
	at ORM.OneToManyExample.JPA.Enrollment.toString(Enrollment.java:8)
	at java.lang.String.valueOf(String.java:2994)
	at java.lang.StringBuilder.append(StringBuilder.java:131)
	at java.util.AbstractCollection.toString(AbstractCollection.java:462)
	at org.hibernate.collection.internal.PersistentBag.toString(PersistentBag.java:622)
	at java.lang.String.valueOf(String.java:2994)
	at java.lang.StringBuilder.append(StringBuilder.java:131)
	at ORM.OneToManyExample.JPA.Student.toString(Student.java:11)
	at java.lang.String.valueOf(String.java:2994)
	at java.lang.StringBuilder.append(StringBuilder.java:131)
	at ORM.OneToManyExample.JPA.Enrollment.toString(Enrollment.java:8)
	at java.lang.String.valueOf(String.java:2994)
	at java.lang.StringBuilder.append(StringBuilder.java:131)
	at java.util.AbstractCollection.toString(AbstractCollection.java:462)
	at org.hibernate.collection.internal.PersistentBag.toString(PersistentBag.java:622)
	at java.lang.String.valueOf(String.java:2994)
	at java.lang.StringBuilder.append(StringBuilder.java:131)
	at ORM.OneToManyExample.JPA.Student.toString(Student.java:11)
	at java.lang.String.valueOf(String.java:2994)
	at java.lang.StringBuilder.append(StringBuilder.java:131)
	at ORM.OneToManyExample.JPA.Enrollment.toString(Enrollment.java:8)
	at java.lang.String.valueOf(String.java:2994)
	at java.lang.StringBuilder.append(StringBuilder.java:131)
	at java.util.AbstractCollection.toString(AbstractCollection.java:462)
	at org.hibernate.collection.internal.PersistentBag.toString(PersistentBag.java:622)
	at java.lang.String.valueOf(String.java:2994)
	at java.lang.StringBuilder.append(StringBuilder.java:131)
	at ORM.OneToManyExample.JPA.Student.toString(Student.java:11)
	at java.lang.String.valueOf(String.java:2994)
	at java.lang.StringBuilder.append(StringBuilder.java:131)
	at ORM.OneToManyExample.JPA.Enrollment.toString(Enrollment.java:8)
	at java.lang.String.valueOf(String.java:2994)
	at java.lang.StringBuilder.append(StringBuilder.java:131)
	at java.util.AbstractCollection.toString(AbstractCollection.java:462)
	at org.hibernate.collection.internal.PersistentBag.toString(PersistentBag.java:622)
	at java.lang.String.valueOf(String.java:2994)
	at java.lang.StringBuilder.append(StringBuilder.java:131)
	at ORM.OneToManyExample.JPA.Student.toString(Student.java:11)
	at java.lang.String.valueOf(String.java:2994)
	at java.lang.StringBuilder.append(StringBuilder.java:131)
	at ORM.OneToManyExample.JPA.Enrollment.toString(Enrollment.java:8)
	at java.lang.String.valueOf(String.java:2994)
	at java.lang.StringBuilder.append(StringBuilder.java:131)
	at java.util.AbstractCollection.toString(AbstractCollection.java:462)
	at org.hibernate.collection.internal.PersistentBag.toString(PersistentBag.java:622)
	at java.lang.String.valueOf(String.java:2994)
	at java.lang.StringBuilder.append(StringBuilder.java:131)
	at ORM.OneToManyExample.JPA.Student.toString(Student.java:11)
	at java.lang.String.valueOf(String.java:2994)
	at java.lang.StringBuilder.append(StringBuilder.java:131)
	at ORM.OneToManyExample.JPA.Enrollment.toString(Enrollment.java:8)
	at java.lang.String.valueOf(String.java:2994)
	at java.lang.StringBuilder.append(StringBuilder.java:131)
	at java.util.AbstractCollection.toString(AbstractCollection.java:462)
	at org.hibernate.collection.internal.PersistentBag.toString(PersistentBag.java:622)
	at java.lang.String.valueOf(String.java:2994)
	at java.lang.StringBuilder.append(StringBuilder.java:131)
	at ORM.OneToManyExample.JPA.Student.toString(Student.java:11)
	at java.lang.String.valueOf(String.java:2994)
	at java.lang.StringBuilder.append(StringBuilder.java:131)
	at ORM.OneToManyExample.JPA.Enrollment.toString(Enrollment.java:8)
	at java.lang.String.valueOf(String.java:2994)
	at java.lang.StringBuilder.append(StringBuilder.java:131)
	at java.util.AbstractCollection.toString(AbstractCollection.java:462)
	at org.hibernate.collection.internal.PersistentBag.toString(PersistentBag.java:622)
	at java.lang.String.valueOf(String.java:2994)
	at java.lang.StringBuilder.append(StringBuilder.java:131)
	at ORM.OneToManyExample.JPA.Student.toString(Student.java:11)
	at java.lang.String.valueOf(String.java:2994)
	at java.lang.StringBuilder.append(StringBuilder.java:131)
	at ORM.OneToManyExample.JPA.Enrollment.toString(Enrollment.java:8)
	at java.lang.String.valueOf(String.java:2994)
	at java.lang.StringBuilder.append(StringBuilder.java:131)
	at java.util.AbstractCollection.toString(AbstractCollection.java:462)
	at org.hibernate.collection.internal.PersistentBag.toString(PersistentBag.java:622)
	at java.lang.String.valueOf(String.java:2994)
	at java.lang.StringBuilder.append(StringBuilder.java:131)
	at ORM.OneToManyExample.JPA.Student.toString(Student.java:11)
	at java.lang.String.valueOf(String.java:2994)
	at java.lang.StringBuilder.append(StringBuilder.java:131)
	at ORM.OneToManyExample.JPA.Enrollment.toString(Enrollment.java:8)
	at java.lang.String.valueOf(String.java:2994)
	at java.lang.StringBuilder.append(StringBuilder.java:131)
	at java.util.AbstractCollection.toString(AbstractCollection.java:462)
	at org.hibernate.collection.internal.PersistentBag.toString(PersistentBag.java:622)
	at java.lang.String.valueOf(String.java:2994)
	at java.lang.StringBuilder.append(StringBuilder.java:131)
	at ORM.OneToManyExample.JPA.Student.toString(Student.java:11)
	at java.lang.String.valueOf(String.java:2994)
	at java.lang.StringBuilder.append(StringBuilder.java:131)
	at ORM.OneToManyExample.JPA.Enrollment.toString(Enrollment.java:8)
	at java.lang.String.valueOf(String.java:2994)
	at java.lang.StringBuilder.append(StringBuilder.java:131)
	at java.util.AbstractCollection.toString(AbstractCollection.java:462)
	at org.hibernate.collection.internal.PersistentBag.toString(PersistentBag.java:622)
	at java.lang.String.valueOf(String.java:2994)
	at java.lang.StringBuilder.append(StringBuilder.java:131)
	at ORM.OneToManyExample.JPA.Student.toString(Student.java:11)
	at java.lang.String.valueOf(String.java:2994)
	at java.lang.StringBuilder.append(StringBuilder.java:131)
	at ORM.OneToManyExample.JPA.Enrollment.toString(Enrollment.java:8)
	at java.lang.String.valueOf(String.java:2994)
	at java.lang.StringBuilder.append(StringBuilder.java:131)
	at java.util.AbstractCollection.toString(AbstractCollection.java:462)
	at org.hibernate.collection.internal.PersistentBag.toString(PersistentBag.java:622)
	at java.lang.String.valueOf(String.java:2994)
	at java.lang.StringBuilder.append(StringBuilder.java:131)
	at ORM.OneToManyExample.JPA.Student.toString(Student.java:11)
	at java.lang.String.valueOf(String.java:2994)
	at java.lang.StringBuilder.append(StringBuilder.java:131)
	at ORM.OneToManyExample.JPA.Enrollment.toString(Enrollment.java:8)
	at java.lang.String.valueOf(String.java:2994)
	at java.lang.StringBuilder.append(StringBuilder.java:131)
	at java.util.AbstractCollection.toString(AbstractCollection.java:462)
	at org.hibernate.collection.internal.PersistentBag.toString(PersistentBag.java:622)
	at java.lang.String.valueOf(String.java:2994)
	at java.lang.StringBuilder.append(StringBuilder.java:131)
	at ORM.OneToManyExample.JPA.Student.toString(Student.java:11)
	at java.lang.String.valueOf(String.java:2994)
	at java.lang.StringBuilder.append(StringBuilder.java:131)
	at ORM.OneToManyExample.JPA.Enrollment.toString(Enrollment.java:8)
	at java.lang.String.valueOf(String.java:2994)
	at java.lang.StringBuilder.append(StringBuilder.java:131)
	at java.util.AbstractCollection.toString(AbstractCollection.java:462)
	at org.hibernate.collection.internal.PersistentBag.toString(PersistentBag.java:622)
	at java.lang.String.valueOf(String.java:2994)
	at java.lang.StringBuilder.append(StringBuilder.java:131)
	at ORM.OneToManyExample.JPA.Student.toString(Student.java:11)
	at java.lang.String.valueOf(String.java:2994)
	at java.lang.StringBuilder.append(StringBuilder.java:131)
	at ORM.OneToManyExample.JPA.Enrollment.toString(Enrollment.java:8)
	at java.lang.String.valueOf(String.java:2994)
	at java.lang.StringBuilder.append(StringBuilder.java:131)
	at java.util.AbstractCollection.toString(AbstractCollection.java:462)
	at org.hibernate.collection.internal.PersistentBag.toString(PersistentBag.java:622)
	at java.lang.String.valueOf(String.java:2994)
	at java.lang.StringBuilder.append(StringBuilder.java:131)
	at ORM.OneToManyExample.JPA.Student.toString(Student.java:11)
	at java.lang.String.valueOf(String.java:2994)
	at java.lang.StringBuilder.append(StringBuilder.java:131)
	at ORM.OneToManyExample.JPA.Enrollment.toString(Enrollment.java:8)
	at java.lang.String.valueOf(String.java:2994)
	at java.lang.StringBuilder.append(StringBuilder.java:131)
	at java.util.AbstractCollection.toString(AbstractCollection.java:462)
	at org.hibernate.collection.internal.PersistentBag.toString(PersistentBag.java:622)
	at java.lang.String.valueOf(String.java:2994)
	at java.lang.StringBuilder.append(StringBuilder.java:131)
	at ORM.OneToManyExample.JPA.Student.toString(Student.java:11)
	at java.lang.String.valueOf(String.java:2994)
	at java.lang.StringBuilder.append(StringBuilder.java:131)
	at ORM.OneToManyExample.JPA.Enrollment.toString(Enrollment.java:8)
	at java.lang.String.valueOf(String.java:2994)
	at java.lang.StringBuilder.append(StringBuilder.java:131)
	at java.util.AbstractCollection.toString(AbstractCollection.java:462)
	at org.hibernate.collection.internal.PersistentBag.toString(PersistentBag.java:622)
	at java.lang.String.valueOf(String.java:2994)
	at java.lang.StringBuilder.append(StringBuilder.java:131)
	at ORM.OneToManyExample.JPA.Student.toString(Student.java:11)
	at java.lang.String.valueOf(String.java:2994)
	at java.lang.StringBuilder.append(StringBuilder.java:131)
	at ORM.OneToManyExample.JPA.Enrollment.toString(Enrollment.java:8)
	at java.lang.String.valueOf(String.java:2994)
	at java.lang.StringBuilder.append(StringBuilder.java:131)
	at java.util.AbstractCollection.toString(AbstractCollection.java:462)
	at org.hibernate.collection.internal.PersistentBag.toString(PersistentBag.java:622)
	at java.lang.String.valueOf(String.java:2994)
	at java.lang.StringBuilder.append(StringBuilder.java:131)
	at ORM.OneToManyExample.JPA.Student.toString(Student.java:11)
	at java.lang.String.valueOf(String.java:2994)
	at java.lang.StringBuilder.append(StringBuilder.java:131)
	at ORM.OneToManyExample.JPA.Enrollment.toString(Enrollment.java:8)
	at java.lang.String.valueOf(String.java:2994)
	at java.lang.StringBuilder.append(StringBuilder.java:131)
	at java.util.AbstractCollection.toString(AbstractCollection.java:462)
	at org.hibernate.collection.internal.PersistentBag.toString(PersistentBag.java:622)
	at java.lang.String.valueOf(String.java:2994)
	at java.lang.StringBuilder.append(StringBuilder.java:131)
	at ORM.OneToManyExample.JPA.Student.toString(Student.java:11)
	at java.lang.String.valueOf(String.java:2994)
	at java.lang.StringBuilder.append(StringBuilder.java:131)
	at ORM.OneToManyExample.JPA.Enrollment.toString(Enrollment.java:8)
	at java.lang.String.valueOf(String.java:2994)
	at java.lang.StringBuilder.append(StringBuilder.java:131)
	at java.util.AbstractCollection.toString(AbstractCollection.java:462)
	at org.hibernate.collection.internal.PersistentBag.toString(PersistentBag.java:622)
	at java.lang.String.valueOf(String.java:2994)
	at java.lang.StringBuilder.append(StringBuilder.java:131)
	at ORM.OneToManyExample.JPA.Student.toString(Student.java:11)
	at java.lang.String.valueOf(String.java:2994)
	at java.lang.StringBuilder.append(StringBuilder.java:131)
	at ORM.OneToManyExample.JPA.Enrollment.toString(Enrollment.java:8)
	at java.lang.String.valueOf(String.java:2994)
	at java.lang.StringBuilder.append(StringBuilder.java:131)
	at java.util.AbstractCollection.toString(AbstractCollection.java:462)
	at org.hibernate.collection.internal.PersistentBag.toString(PersistentBag.java:622)
	at java.lang.String.valueOf(String.java:2994)
	at java.lang.StringBuilder.append(StringBuilder.java:131)
	at ORM.OneToManyExample.JPA.Student.toString(Student.java:11)
	at java.lang.String.valueOf(String.java:2994)
	at java.lang.StringBuilder.append(StringBuilder.java:131)
	at ORM.OneToManyExample.JPA.Enrollment.toString(Enrollment.java:8)
	at java.lang.String.valueOf(String.java:2994)
	at java.lang.StringBuilder.append(StringBuilder.java:131)
	at java.util.AbstractCollection.toString(AbstractCollection.java:462)
	at org.hibernate.collection.internal.PersistentBag.toString(PersistentBag.java:622)
	at java.lang.String.valueOf(String.java:2994)
	at java.lang.StringBuilder.append(StringBuilder.java:131)
	at ORM.OneToManyExample.JPA.Student.toString(Student.java:11)
	at java.lang.String.valueOf(String.java:2994)
	at java.lang.StringBuilder.append(StringBuilder.java:131)
	at ORM.OneToManyExample.JPA.Enrollment.toString(Enrollment.java:8)
	at java.lang.String.valueOf(String.java:2994)
	at java.lang.StringBuilder.append(StringBuilder.java:131)
	at java.util.AbstractCollection.toString(AbstractCollection.java:462)
	at org.hibernate.collection.internal.PersistentBag.toString(PersistentBag.java:622)
	at java.lang.String.valueOf(String.java:2994)
	at java.lang.StringBuilder.append(StringBuilder.java:131)
	at ORM.OneToManyExample.JPA.Student.toString(Student.java:11)
	at java.lang.String.valueOf(String.java:2994)
	at java.lang.StringBuilder.append(StringBuilder.java:131)
	at ORM.OneToManyExample.JPA.Enrollment.toString(Enrollment.java:8)
	at java.lang.String.valueOf(String.java:2994)
	at java.lang.StringBuilder.append(StringBuilder.java:131)
	at java.util.AbstractCollection.toString(AbstractCollection.java:462)
	at org.hibernate.collection.internal.PersistentBag.toString(PersistentBag.java:622)
	at java.lang.String.valueOf(String.java:2994)
	at java.lang.StringBuilder.append(StringBuilder.java:131)
	at ORM.OneToManyExample.JPA.Student.toString(Student.java:11)
	at java.lang.String.valueOf(String.java:2994)
	at java.lang.StringBuilder.append(StringBuilder.java:131)
	at ORM.OneToManyExample.JPA.Enrollment.toString(Enrollment.java:8)
	at java.lang.String.valueOf(String.java:2994)
	at java.lang.StringBuilder.append(StringBuilder.java:131)
	at java.util.AbstractCollection.toString(AbstractCollection.java:462)
	at org.hibernate.collection.internal.PersistentBag.toString(PersistentBag.java:622)
	at java.lang.String.valueOf(String.java:2994)
	at java.lang.StringBuilder.append(StringBuilder.java:131)
	at ORM.OneToManyExample.JPA.Student.toString(Student.java:11)
	at java.lang.String.valueOf(String.java:2994)
	at java.lang.StringBuilder.append(StringBuilder.java:131)
	at ORM.OneToManyExample.JPA.Enrollment.toString(Enrollment.java:8)
	at java.lang.String.valueOf(String.java:2994)
	at java.lang.StringBuilder.append(StringBuilder.java:131)
	at java.util.AbstractCollection.toString(AbstractCollection.java:462)
	at org.hibernate.collection.internal.PersistentBag.toString(PersistentBag.java:622)
	at java.lang.String.valueOf(String.java:2994)
	at java.lang.StringBuilder.append(StringBuilder.java:131)
	at ORM.OneToManyExample.JPA.Student.toString(Student.java:11)
	at java.lang.String.valueOf(String.java:2994)
	at java.lang.StringBuilder.append(StringBuilder.java:131)
	at ORM.OneToManyExample.JPA.Enrollment.toString(Enrollment.java:8)
	at java.lang.String.valueOf(String.java:2994)
	at java.lang.StringBuilder.append(StringBuilder.java:131)
	at java.util.AbstractCollection.toString(AbstractCollection.java:462)
	at org.hibernate.collection.internal.PersistentBag.toString(PersistentBag.java:622)
	at java.lang.String.valueOf(String.java:2994)
	at java.lang.StringBuilder.append(StringBuilder.java:131)
	at ORM.OneToManyExample.JPA.Student.toString(Student.java:11)
	at java.lang.String.valueOf(String.java:2994)
	at java.lang.StringBuilder.append(StringBuilder.java:131)
	at ORM.OneToManyExample.JPA.Enrollment.toString(Enrollment.java:8)
	at java.lang.String.valueOf(String.java:2994)
	at java.lang.StringBuilder.append(StringBuilder.java:131)
	at java.util.AbstractCollection.toString(AbstractCollection.java:462)
	at org.hibernate.collection.internal.PersistentBag.toString(PersistentBag.java:622)
	at java.lang.String.valueOf(String.java:2994)
	at java.lang.StringBuilder.append(StringBuilder.java:131)
	at ORM.OneToManyExample.JPA.Student.toString(Student.java:11)
	at java.lang.String.valueOf(String.java:2994)
	at java.lang.StringBuilder.append(StringBuilder.java:131)
	at ORM.OneToManyExample.JPA.Enrollment.toString(Enrollment.java:8)
	at java.lang.String.valueOf(String.java:2994)
	at java.lang.StringBuilder.append(StringBuilder.java:131)
	at java.util.AbstractCollection.toString(AbstractCollection.java:462)
	at org.hibernate.collection.internal.PersistentBag.toString(PersistentBag.java:622)
	at java.lang.String.valueOf(String.java:2994)
	at java.lang.StringBuilder.append(StringBuilder.java:131)
	at ORM.OneToManyExample.JPA.Student.toString(Student.java:11)
	at java.lang.String.valueOf(String.java:2994)
	at java.lang.StringBuilder.append(StringBuilder.java:131)
	at ORM.OneToManyExample.JPA.Enrollment.toString(Enrollment.java:8)
	at java.lang.String.valueOf(String.java:2994)
	at java.lang.StringBuilder.append(StringBuilder.java:131)
	at java.util.AbstractCollection.toString(AbstractCollection.java:462)
	at org.hibernate.collection.internal.PersistentBag.toString(PersistentBag.java:622)
	at java.lang.String.valueOf(String.java:2994)
	at java.lang.StringBuilder.append(StringBuilder.java:131)
	at ORM.OneToManyExample.JPA.Student.toString(Student.java:11)
	at java.lang.String.valueOf(String.java:2994)
	at java.lang.StringBuilder.append(StringBuilder.java:131)
	at ORM.OneToManyExample.JPA.Enrollment.toString(Enrollment.java:8)
	at java.lang.String.valueOf(String.java:2994)
	at java.lang.StringBuilder.append(StringBuilder.java:131)
	at java.util.AbstractCollection.toString(AbstractCollection.java:462)
	at org.hibernate.collection.internal.PersistentBag.toString(PersistentBag.java:622)
	at java.lang.String.valueOf(String.java:2994)
	at java.lang.StringBuilder.append(StringBuilder.java:131)
	at ORM.OneToManyExample.JPA.Student.toString(Student.java:11)
	at java.lang.String.valueOf(String.java:2994)
	at java.lang.StringBuilder.append(StringBuilder.java:131)
	at ORM.OneToManyExample.JPA.Enrollment.toString(Enrollment.java:8)
	at java.lang.String.valueOf(String.java:2994)
	at java.lang.StringBuilder.append(StringBuilder.java:131)
	at java.util.AbstractCollection.toString(AbstractCollection.java:462)
	at org.hibernate.collection.internal.PersistentBag.toString(PersistentBag.java:622)
	at java.lang.String.valueOf(String.java:2994)
	at java.lang.StringBuilder.append(StringBuilder.java:131)
	at ORM.OneToManyExample.JPA.Student.toString(Student.java:11)
	at java.lang.String.valueOf(String.java:2994)
	at java.lang.StringBuilder.append(StringBuilder.java:131)
	at ORM.OneToManyExample.JPA.Enrollment.toString(Enrollment.java:8)
	at java.lang.String.valueOf(String.java:2994)
	at java.lang.StringBuilder.append(StringBuilder.java:131)
	at java.util.AbstractCollection.toString(AbstractCollection.java:462)
	at org.hibernate.collection.internal.PersistentBag.toString(PersistentBag.java:622)
	at java.lang.String.valueOf(String.java:2994)
	at java.lang.StringBuilder.append(StringBuilder.java:131)
	at ORM.OneToManyExample.JPA.Student.toString(Student.java:11)
	at java.lang.String.valueOf(String.java:2994)
	at java.lang.StringBuilder.append(StringBuilder.java:131)
	at ORM.OneToManyExample.JPA.Enrollment.toString(Enrollment.java:8)
	at java.lang.String.valueOf(String.java:2994)
	at java.lang.StringBuilder.append(StringBuilder.java:131)
	at java.util.AbstractCollection.toString(AbstractCollection.java:462)
	at org.hibernate.collection.internal.PersistentBag.toString(PersistentBag.java:622)
	at java.lang.String.valueOf(String.java:2994)
	at java.lang.StringBuilder.append(StringBuilder.java:131)
	at ORM.OneToManyExample.JPA.Student.toString(Student.java:11)
	at java.lang.String.valueOf(String.java:2994)
	at java.lang.StringBuilder.append(StringBuilder.java:131)
	at ORM.OneToManyExample.JPA.Enrollment.toString(Enrollment.java:8)
	at java.lang.String.valueOf(String.java:2994)
	at java.lang.StringBuilder.append(StringBuilder.java:131)
	at java.util.AbstractCollection.toString(AbstractCollection.java:462)
	at org.hibernate.collection.internal.PersistentBag.toString(PersistentBag.java:622)
	at java.lang.String.valueOf(String.java:2994)
	at java.lang.StringBuilder.append(StringBuilder.java:131)
	at ORM.OneToManyExample.JPA.Student.toString(Student.java:11)
	at java.lang.String.valueOf(String.java:2994)
	at java.lang.StringBuilder.append(StringBuilder.java:131)
	at ORM.OneToManyExample.JPA.Enrollment.toString(Enrollment.java:8)
	at java.lang.String.valueOf(String.java:2994)
	at java.lang.StringBuilder.append(StringBuilder.java:131)
	at java.util.AbstractCollection.toString(AbstractCollection.java:462)
	at org.hibernate.collection.internal.PersistentBag.toString(PersistentBag.java:622)
	at java.lang.String.valueOf(String.java:2994)
	at java.lang.StringBuilder.append(StringBuilder.java:131)
	at ORM.OneToManyExample.JPA.Student.toString(Student.java:11)
	at java.lang.String.valueOf(String.java:2994)
	at java.lang.StringBuilder.append(StringBuilder.java:131)
	at ORM.OneToManyExample.JPA.Enrollment.toString(Enrollment.java:8)
	at java.lang.String.valueOf(String.java:2994)
	at java.lang.StringBuilder.append(StringBuilder.java:131)
	at java.util.AbstractCollection.toString(AbstractCollection.java:462)
	at org.hibernate.collection.internal.PersistentBag.toString(PersistentBag.java:622)
	at java.lang.String.valueOf(String.java:2994)
	at java.lang.StringBuilder.append(StringBuilder.java:131)
	at ORM.OneToManyExample.JPA.Student.toString(Student.java:11)
	at java.lang.String.valueOf(String.java:2994)
	at java.lang.StringBuilder.append(StringBuilder.java:131)
	at ORM.OneToManyExample.JPA.Enrollment.toString(Enrollment.java:8)
	at java.lang.String.valueOf(String.java:2994)
	at java.lang.StringBuilder.append(StringBuilder.java:131)
	at java.util.AbstractCollection.toString(AbstractCollection.java:462)
	at org.hibernate.collection.internal.PersistentBag.toString(PersistentBag.java:622)
	at java.lang.String.valueOf(String.java:2994)
	at java.lang.StringBuilder.append(StringBuilder.java:131)
	at ORM.OneToManyExample.JPA.Student.toString(Student.java:11)
	at java.lang.String.valueOf(String.java:2994)
	at java.lang.StringBuilder.append(StringBuilder.java:131)
	at ORM.OneToManyExample.JPA.Enrollment.toString(Enrollment.java:8)
	at java.lang.String.valueOf(String.java:2994)
	at java.lang.StringBuilder.append(StringBuilder.java:131)
	at java.util.AbstractCollection.toString(AbstractCollection.java:462)
	at org.hibernate.collection.internal.PersistentBag.toString(PersistentBag.java:622)
	at java.lang.String.valueOf(String.java:2994)
	at java.lang.StringBuilder.append(StringBuilder.java:131)
	at ORM.OneToManyExample.JPA.Student.toString(Student.java:11)
	at java.lang.String.valueOf(String.java:2994)
	at java.lang.StringBuilder.append(StringBuilder.java:131)
	at ORM.OneToManyExample.JPA.Enrollment.toString(Enrollment.java:8)
	at java.lang.String.valueOf(String.java:2994)
	at java.lang.StringBuilder.append(StringBuilder.java:131)
	at java.util.AbstractCollection.toString(AbstractCollection.java:462)
	at org.hibernate.collection.internal.PersistentBag.toString(PersistentBag.java:622)
	at java.lang.String.valueOf(String.java:2994)
	at java.lang.StringBuilder.append(StringBuilder.java:131)
	at ORM.OneToManyExample.JPA.Student.toString(Student.java:11)
	at java.lang.String.valueOf(String.java:2994)
	at java.lang.StringBuilder.append(StringBuilder.java:131)
	at ORM.OneToManyExample.JPA.Enrollment.toString(Enrollment.java:8)
	at java.lang.String.valueOf(String.java:2994)
	at java.lang.StringBuilder.append(StringBuilder.java:131)
	at java.util.AbstractCollection.toString(AbstractCollection.java:462)
	at org.hibernate.collection.internal.PersistentBag.toString(PersistentBag.java:622)
	at java.lang.String.valueOf(String.java:2994)
	at java.lang.StringBuilder.append(StringBuilder.java:131)
	at ORM.OneToManyExample.JPA.Student.toString(Student.java:11)
	at java.lang.String.valueOf(String.java:2994)
	at java.lang.StringBuilder.append(StringBuilder.java:131)
	at ORM.OneToManyExample.JPA.Enrollment.toString(Enrollment.java:8)
	at java.lang.String.valueOf(String.java:2994)
	at java.lang.StringBuilder.append(StringBuilder.java:131)
	at java.util.AbstractCollection.toString(AbstractCollection.java:462)
	at org.hibernate.collection.internal.PersistentBag.toString(PersistentBag.java:622)
	at java.lang.String.valueOf(String.java:2994)
	at java.lang.StringBuilder.append(StringBuilder.java:131)
	at ORM.OneToManyExample.JPA.Student.toString(Student.java:11)
	at java.lang.String.valueOf(String.java:2994)
	at java.lang.StringBuilder.append(StringBuilder.java:131)
	at ORM.OneToManyExample.JPA.Enrollment.toString(Enrollment.java:8)
	at java.lang.String.valueOf(String.java:2994)
	at java.lang.StringBuilder.append(StringBuilder.java:131)
	at java.util.AbstractCollection.toString(AbstractCollection.java:462)
	at org.hibernate.collection.internal.PersistentBag.toString(PersistentBag.java:622)
	at java.lang.String.valueOf(String.java:2994)
	at java.lang.StringBuilder.append(StringBuilder.java:131)
	at ORM.OneToManyExample.JPA.Student.toString(Student.java:11)
	at java.lang.String.valueOf(String.java:2994)
	at java.lang.StringBuilder.append(StringBuilder.java:131)
	at ORM.OneToManyExample.JPA.Enrollment.toString(Enrollment.java:8)
	at java.lang.String.valueOf(String.java:2994)
	at java.lang.StringBuilder.append(StringBuilder.java:131)
	at java.util.AbstractCollection.toString(AbstractCollection.java:462)
	at org.hibernate.collection.internal.PersistentBag.toString(PersistentBag.java:622)
	at java.lang.String.valueOf(String.java:2994)
	at java.lang.StringBuilder.append(StringBuilder.java:131)
	at ORM.OneToManyExample.JPA.Student.toString(Student.java:11)
	at java.lang.String.valueOf(String.java:2994)
	at java.lang.StringBuilder.append(StringBuilder.java:131)
	at ORM.OneToManyExample.JPA.Enrollment.toString(Enrollment.java:8)
	at java.lang.String.valueOf(String.java:2994)
	at java.lang.StringBuilder.append(StringBuilder.java:131)
	at java.util.AbstractCollection.toString(AbstractCollection.java:462)
	at org.hibernate.collection.internal.PersistentBag.toString(PersistentBag.java:622)
	at java.lang.String.valueOf(String.java:2994)
	at java.lang.StringBuilder.append(StringBuilder.java:131)
	at ORM.OneToManyExample.JPA.Student.toString(Student.java:11)
	at java.lang.String.valueOf(String.java:2994)
	at java.lang.StringBuilder.append(StringBuilder.java:131)
	at ORM.OneToManyExample.JPA.Enrollment.toString(Enrollment.java:8)
	at java.lang.String.valueOf(String.java:2994)
	at java.lang.StringBuilder.append(StringBuilder.java:131)
	at java.util.AbstractCollection.toString(AbstractCollection.java:462)
	at org.hibernate.collection.internal.PersistentBag.toString(PersistentBag.java:622)
	at java.lang.String.valueOf(String.java:2994)
	at java.lang.StringBuilder.append(StringBuilder.java:131)
	at ORM.OneToManyExample.JPA.Student.toString(Student.java:11)
	at java.lang.String.valueOf(String.java:2994)
	at java.lang.StringBuilder.append(StringBuilder.java:131)
	at ORM.OneToManyExample.JPA.Enrollment.toString(Enrollment.java:8)
	at java.lang.String.valueOf(String.java:2994)
	at java.lang.StringBuilder.append(StringBuilder.java:131)
	at java.util.AbstractCollection.toString(AbstractCollection.java:462)
	at org.hibernate.collection.internal.PersistentBag.toString(PersistentBag.java:622)
	at java.lang.String.valueOf(String.java:2994)
	at java.lang.StringBuilder.append(StringBuilder.java:131)
	at ORM.OneToManyExample.JPA.Student.toString(Student.java:11)
	at java.lang.String.valueOf(String.java:2994)
	at java.lang.StringBuilder.append(StringBuilder.java:131)
	at ORM.OneToManyExample.JPA.Enrollment.toString(Enrollment.java:8)
	at java.lang.String.valueOf(String.java:2994)
	at java.lang.StringBuilder.append(StringBuilder.java:131)
	at java.util.AbstractCollection.toString(AbstractCollection.java:462)
	at org.hibernate.collection.internal.PersistentBag.toString(PersistentBag.java:622)
	at java.lang.String.valueOf(String.java:2994)
	at java.lang.StringBuilder.append(StringBuilder.java:131)
	at ORM.OneToManyExample.JPA.Student.toString(Student.java:11)
	at java.lang.String.valueOf(String.java:2994)
	at java.lang.StringBuilder.append(StringBuilder.java:131)
	at ORM.OneToManyExample.JPA.Enrollment.toString(Enrollment.java:8)
	at java.lang.String.valueOf(String.java:2994)
	at java.lang.StringBuilder.append(StringBuilder.java:131)
	at java.util.AbstractCollection.toString(AbstractCollection.java:462)
	at org.hibernate.collection.internal.PersistentBag.toString(PersistentBag.java:622)
	at java.lang.String.valueOf(String.java:2994)
	at java.lang.StringBuilder.append(StringBuilder.java:131)
	at ORM.OneToManyExample.JPA.Student.toString(Student.java:11)
	at java.lang.String.valueOf(String.java:2994)
	at java.lang.StringBuilder.append(StringBuilder.java:131)
	at ORM.OneToManyExample.JPA.Enrollment.toString(Enrollment.java:8)
	at java.lang.String.valueOf(String.java:2994)
	at java.lang.StringBuilder.append(StringBuilder.java:131)
	at java.util.AbstractCollection.toString(AbstractCollection.java:462)
	at org.hibernate.collection.internal.PersistentBag.toString(PersistentBag.java:622)
	at java.lang.String.valueOf(String.java:2994)
	at java.lang.StringBuilder.append(StringBuilder.java:131)
	at ORM.OneToManyExample.JPA.Student.toString(Student.java:11)
	at java.lang.String.valueOf(String.java:2994)
	at java.lang.StringBuilder.append(StringBuilder.java:131)
	at ORM.OneToManyExample.JPA.Enrollment.toString(Enrollment.java:8)
	at java.lang.String.valueOf(String.java:2994)
	at java.lang.StringBuilder.append(StringBuilder.java:131)
	at java.util.AbstractCollection.toString(AbstractCollection.java:462)
	at org.hibernate.collection.internal.PersistentBag.toString(PersistentBag.java:622)
	at java.lang.String.valueOf(String.java:2994)
	at java.lang.StringBuilder.append(StringBuilder.java:131)
	at ORM.OneToManyExample.JPA.Student.toString(Student.java:11)
	at java.lang.String.valueOf(String.java:2994)
	at java.lang.StringBuilder.append(StringBuilder.java:131)
	at ORM.OneToManyExample.JPA.Enrollment.toString(Enrollment.java:8)
	at java.lang.String.valueOf(String.java:2994)
	at java.lang.StringBuilder.append(StringBuilder.java:131)
	at java.util.AbstractCollection.toString(AbstractCollection.java:462)
	at org.hibernate.collection.internal.PersistentBag.toString(PersistentBag.java:622)
	at java.lang.String.valueOf(String.java:2994)
	at java.lang.StringBuilder.append(StringBuilder.java:131)
	at ORM.OneToManyExample.JPA.Student.toString(Student.java:11)
	at java.lang.String.valueOf(String.java:2994)
	at java.lang.StringBuilder.append(StringBuilder.java:131)
	at ORM.OneToManyExample.JPA.Enrollment.toString(Enrollment.java:8)
	at java.lang.String.valueOf(String.java:2994)
	at java.lang.StringBuilder.append(StringBuilder.java:131)
	at java.util.AbstractCollection.toString(AbstractCollection.java:462)
	at org.hibernate.collection.internal.PersistentBag.toString(PersistentBag.java:622)
	at java.lang.String.valueOf(String.java:2994)
	at java.lang.StringBuilder.append(StringBuilder.java:131)
	at ORM.OneToManyExample.JPA.Student.toString(Student.java:11)
	at java.lang.String.valueOf(String.java:2994)
	at java.lang.StringBuilder.append(StringBuilder.java:131)
	at ORM.OneToManyExample.JPA.Enrollment.toString(Enrollment.java:8)
	at java.lang.String.valueOf(String.java:2994)
	at java.lang.StringBuilder.append(StringBuilder.java:131)
	at java.util.AbstractCollection.toString(AbstractCollection.java:462)
	at org.hibernate.collection.internal.PersistentBag.toString(PersistentBag.java:622)
	at java.lang.String.valueOf(String.java:2994)
	at java.lang.StringBuilder.append(StringBuilder.java:131)
	at ORM.OneToManyExample.JPA.Student.toString(Student.java:11)
	at java.lang.String.valueOf(String.java:2994)
	at java.lang.StringBuilder.append(StringBuilder.java:131)
	at ORM.OneToManyExample.JPA.Enrollment.toString(Enrollment.java:8)
	at java.lang.String.valueOf(String.java:2994)
	at java.lang.StringBuilder.append(StringBuilder.java:131)
	at java.util.AbstractCollection.toString(AbstractCollection.java:462)
	at org.hibernate.collection.internal.PersistentBag.toString(PersistentBag.java:622)
	at java.lang.String.valueOf(String.java:2994)
	at java.lang.StringBuilder.append(StringBuilder.java:131)
	at ORM.OneToManyExample.JPA.Student.toString(Student.java:11)
	at java.lang.String.valueOf(String.java:2994)
	at java.lang.StringBuilder.append(StringBuilder.java:131)
	at ORM.OneToManyExample.JPA.Enrollment.toString(Enrollment.java:8)
	at java.lang.String.valueOf(String.java:2994)
	at java.lang.StringBuilder.append(StringBuilder.java:131)
	at java.util.AbstractCollection.toString(AbstractCollection.java:462)
	at org.hibernate.collection.internal.PersistentBag.toString(PersistentBag.java:622)
	at java.lang.String.valueOf(String.java:2994)
	at java.lang.StringBuilder.append(StringBuilder.java:131)
	at ORM.OneToManyExample.JPA.Student.toString(Student.java:11)
	at java.lang.String.valueOf(String.java:2994)
	at java.lang.StringBuilder.append(StringBuilder.java:131)
	at ORM.OneToManyExample.JPA.Enrollment.toString(Enrollment.java:8)
	at java.lang.String.valueOf(String.java:2994)
	at java.lang.StringBuilder.append(StringBuilder.java:131)
	at java.util.AbstractCollection.toString(AbstractCollection.java:462)
	at org.hibernate.collection.internal.PersistentBag.toString(PersistentBag.java:622)
	at java.lang.String.valueOf(String.java:2994)
	at java.lang.StringBuilder.append(StringBuilder.java:131)
	at ORM.OneToManyExample.JPA.Student.toString(Student.java:11)
	at java.lang.String.valueOf(String.java:2994)
	at java.lang.StringBuilder.append(StringBuilder.java:131)
	at ORM.OneToManyExample.JPA.Enrollment.toString(Enrollment.java:8)
	at java.lang.String.valueOf(String.java:2994)
	at java.lang.StringBuilder.append(StringBuilder.java:131)
	at java.util.AbstractCollection.toString(AbstractCollection.java:462)
	at org.hibernate.collection.internal.PersistentBag.toString(PersistentBag.java:622)
	at java.lang.String.valueOf(String.java:2994)
	at java.lang.StringBuilder.append(StringBuilder.java:131)
	at ORM.OneToManyExample.JPA.Student.toString(Student.java:11)
	at java.lang.String.valueOf(String.java:2994)
	at java.lang.StringBuilder.append(StringBuilder.java:131)
	at ORM.OneToManyExample.JPA.Enrollment.toString(Enrollment.java:8)
	at java.lang.String.valueOf(String.java:2994)
	at java.lang.StringBuilder.append(StringBuilder.java:131)
	at java.util.AbstractCollection.toString(AbstractCollection.java:462)
	at org.hibernate.collection.internal.PersistentBag.toString(PersistentBag.java:622)
	at java.lang.String.valueOf(String.java:2994)
	at java.lang.StringBuilder.append(StringBuilder.java:131)
	at ORM.OneToManyExample.JPA.Student.toString(Student.java:11)
	at java.lang.String.valueOf(String.java:2994)
	at java.lang.StringBuilder.append(StringBuilder.java:131)
	at ORM.OneToManyExample.JPA.Enrollment.toString(Enrollment.java:8)
	at java.lang.String.valueOf(String.java:2994)
	at java.lang.StringBuilder.append(StringBuilder.java:131)
	at java.util.AbstractCollection.toString(AbstractCollection.java:462)
	at org.hibernate.collection.internal.PersistentBag.toString(PersistentBag.java:622)
	at java.lang.String.valueOf(String.java:2994)
	at java.lang.StringBuilder.append(StringBuilder.java:131)
	at ORM.OneToManyExample.JPA.Student.toString(Student.java:11)
	at java.lang.String.valueOf(String.java:2994)
	at java.lang.StringBuilder.append(StringBuilder.java:131)
	at ORM.OneToManyExample.JPA.Enrollment.toString(Enrollment.java:8)
	at java.lang.String.valueOf(String.java:2994)
	at java.lang.StringBuilder.append(StringBuilder.java:131)
	at java.util.AbstractCollection.toString(AbstractCollection.java:462)
	at org.hibernate.collection.internal.PersistentBag.toString(PersistentBag.java:622)
	at java.lang.String.valueOf(String.java:2994)
	at java.lang.StringBuilder.append(StringBuilder.java:131)
	at ORM.OneToManyExample.JPA.Student.toString(Student.java:11)
	at java.lang.String.valueOf(String.java:2994)
	at java.lang.StringBuilder.append(StringBuilder.java:131)
	at ORM.OneToManyExample.JPA.Enrollment.toString(Enrollment.java:8)
	at java.lang.String.valueOf(String.java:2994)
	at java.lang.StringBuilder.append(StringBuilder.java:131)
	at java.util.AbstractCollection.toString(AbstractCollection.java:462)
	at org.hibernate.collection.internal.PersistentBag.toString(PersistentBag.java:622)
	at java.lang.String.valueOf(String.java:2994)
	at java.lang.StringBuilder.append(StringBuilder.java:131)
	at ORM.OneToManyExample.JPA.Student.toString(Student.java:11)
	at java.lang.String.valueOf(String.java:2994)
	at java.lang.StringBuilder.append(StringBuilder.java:131)
	at ORM.OneToManyExample.JPA.Enrollment.toString(Enrollment.java:8)
	at java.lang.String.valueOf(String.java:2994)
	at java.lang.StringBuilder.append(StringBuilder.java:131)
	at java.util.AbstractCollection.toString(AbstractCollection.java:462)
	at org.hibernate.collection.internal.PersistentBag.toString(PersistentBag.java:622)
	at java.lang.String.valueOf(String.java:2994)
	at java.lang.StringBuilder.append(StringBuilder.java:131)
	at ORM.OneToManyExample.JPA.Student.toString(Student.java:11)
	at java.lang.String.valueOf(String.java:2994)
	at java.lang.StringBuilder.append(StringBuilder.java:131)
	at ORM.OneToManyExample.JPA.Enrollment.toString(Enrollment.java:8)
	at java.lang.String.valueOf(String.java:2994)
	at java.lang.StringBuilder.append(StringBuilder.java:131)
	at java.util.AbstractCollection.toString(AbstractCollection.java:462)
	at org.hibernate.collection.internal.PersistentBag.toString(PersistentBag.java:622)
	at java.lang.String.valueOf(String.java:2994)
	at java.lang.StringBuilder.append(StringBuilder.java:131)
	at ORM.OneToManyExample.JPA.Student.toString(Student.java:11)
	at java.lang.String.valueOf(String.java:2994)
	at java.lang.StringBuilder.append(StringBuilder.java:131)
	at ORM.OneToManyExample.JPA.Enrollment.toString(Enrollment.java:8)
	at java.lang.String.valueOf(String.java:2994)
	at java.lang.StringBuilder.append(StringBuilder.java:131)
	at java.util.AbstractCollection.toString(AbstractCollection.java:462)
	at org.hibernate.collection.internal.PersistentBag.toString(PersistentBag.java:622)
	at java.lang.String.valueOf(String.java:2994)
	at java.lang.StringBuilder.append(StringBuilder.java:131)
	at ORM.OneToManyExample.JPA.Student.toString(Student.java:11)
	at java.lang.String.valueOf(String.java:2994)
	at java.lang.StringBuilder.append(StringBuilder.java:131)
	at ORM.OneToManyExample.JPA.Enrollment.toString(Enrollment.java:8)
	at java.lang.String.valueOf(String.java:2994)
	at java.lang.StringBuilder.append(StringBuilder.java:131)
	at java.util.AbstractCollection.toString(AbstractCollection.java:462)
	at org.hibernate.collection.internal.PersistentBag.toString(PersistentBag.java:622)
	at java.lang.String.valueOf(String.java:2994)
	at java.lang.StringBuilder.append(StringBuilder.java:131)
	at ORM.OneToManyExample.JPA.Student.toString(Student.java:11)
	at java.lang.String.valueOf(String.java:2994)
	at java.lang.StringBuilder.append(StringBuilder.java:131)
	at ORM.OneToManyExample.JPA.Enrollment.toString(Enrollment.java:8)
	at java.lang.String.valueOf(String.java:2994)
	at java.lang.StringBuilder.append(StringBuilder.java:131)
	at java.util.AbstractCollection.toString(AbstractCollection.java:462)
	at org.hibernate.collection.internal.PersistentBag.toString(PersistentBag.java:622)
	at java.lang.String.valueOf(String.java:2994)
	at java.lang.StringBuilder.append(StringBuilder.java:131)
	at ORM.OneToManyExample.JPA.Student.toString(Student.java:11)
	at java.lang.String.valueOf(String.java:2994)
	at java.lang.StringBuilder.append(StringBuilder.java:131)
	at ORM.OneToManyExample.JPA.Enrollment.toString(Enrollment.java:8)
	at java.lang.String.valueOf(String.java:2994)
	at java.lang.StringBuilder.append(StringBuilder.java:131)
	at java.util.AbstractCollection.toString(AbstractCollection.java:462)
	at org.hibernate.collection.internal.PersistentBag.toString(PersistentBag.java:622)
	at java.lang.String.valueOf(String.java:2994)
	at java.lang.StringBuilder.append(StringBuilder.java:131)
	at ORM.OneToManyExample.JPA.Student.toString(Student.java:11)
	at java.lang.String.valueOf(String.java:2994)
	at java.lang.StringBuilder.append(StringBuilder.java:131)
	at ORM.OneToManyExample.JPA.Enrollment.toString(Enrollment.java:8)
	at java.lang.String.valueOf(String.java:2994)
	at java.lang.StringBuilder.append(StringBuilder.java:131)
	at java.util.AbstractCollection.toString(AbstractCollection.java:462)
	at org.hibernate.collection.internal.PersistentBag.toString(PersistentBag.java:622)
	at java.lang.String.valueOf(String.java:2994)
	at java.lang.StringBuilder.append(StringBuilder.java:131)
	at ORM.OneToManyExample.JPA.Student.toString(Student.java:11)
	at java.lang.String.valueOf(String.java:2994)
	at java.lang.StringBuilder.append(StringBuilder.java:131)
	at ORM.OneToManyExample.JPA.Enrollment.toString(Enrollment.java:8)
	at java.lang.String.valueOf(String.java:2994)
	at java.lang.StringBuilder.append(StringBuilder.java:131)
	at java.util.AbstractCollection.toString(AbstractCollection.java:462)
	at org.hibernate.collection.internal.PersistentBag.toString(PersistentBag.java:622)
	at java.lang.String.valueOf(String.java:2994)
	at java.lang.StringBuilder.append(StringBuilder.java:131)
	at ORM.OneToManyExample.JPA.Student.toString(Student.java:11)
	at java.lang.String.valueOf(String.java:2994)
	at java.lang.StringBuilder.append(StringBuilder.java:131)
	at ORM.OneToManyExample.JPA.Enrollment.toString(Enrollment.java:8)
	at java.lang.String.valueOf(String.java:2994)
	at java.lang.StringBuilder.append(StringBuilder.java:131)
	at java.util.AbstractCollection.toString(AbstractCollection.java:462)
	at org.hibernate.collection.internal.PersistentBag.toString(PersistentBag.java:622)
	at java.lang.String.valueOf(String.java:2994)
	at java.lang.StringBuilder.append(StringBuilder.java:131)
	at ORM.OneToManyExample.JPA.Student.toString(Student.java:11)
	at java.lang.String.valueOf(String.java:2994)
	at java.lang.StringBuilder.append(StringBuilder.java:131)
	at ORM.OneToManyExample.JPA.Enrollment.toString(Enrollment.java:8)
	at java.lang.String.valueOf(String.java:2994)
	at java.lang.StringBuilder.append(StringBuilder.java:131)
	at java.util.AbstractCollection.toString(AbstractCollection.java:462)
	at org.hibernate.collection.internal.PersistentBag.toString(PersistentBag.java:622)
	at java.lang.String.valueOf(String.java:2994)
	at java.lang.StringBuilder.append(StringBuilder.java:131)
	at ORM.OneToManyExample.JPA.Student.toString(Student.java:11)
	at java.lang.String.valueOf(String.java:2994)
	at java.lang.StringBuilder.append(StringBuilder.java:131)
	at ORM.OneToManyExample.JPA.Enrollment.toString(Enrollment.java:8)
	at java.lang.String.valueOf(String.java:2994)
	at java.lang.StringBuilder.append(StringBuilder.java:131)
	at java.util.AbstractCollection.toString(AbstractCollection.java:462)
	at org.hibernate.collection.internal.PersistentBag.toString(PersistentBag.java:622)
	at java.lang.String.valueOf(String.java:2994)
	at java.lang.StringBuilder.append(StringBuilder.java:131)
	at ORM.OneToManyExample.JPA.Student.toString(Student.java:11)
	at java.lang.String.valueOf(String.java:2994)
	at java.lang.StringBuilder.append(StringBuilder.java:131)
	at ORM.OneToManyExample.JPA.Enrollment.toString(Enrollment.java:8)
	at java.lang.String.valueOf(String.java:2994)
	at java.lang.StringBuilder.append(StringBuilder.java:131)
	at java.util.AbstractCollection.toString(AbstractCollection.java:462)
	at org.hibernate.collection.internal.PersistentBag.toString(PersistentBag.java:622)
	at java.lang.String.valueOf(String.java:2994)
	at java.lang.StringBuilder.append(StringBuilder.java:131)
	at ORM.OneToManyExample.JPA.Student.toString(Student.java:11)
	at java.lang.String.valueOf(String.java:2994)
	at java.lang.StringBuilder.append(StringBuilder.java:131)
	at ORM.OneToManyExample.JPA.Enrollment.toString(Enrollment.java:8)
	at java.lang.String.valueOf(String.java:2994)
	at java.lang.StringBuilder.append(StringBuilder.java:131)
	at java.util.AbstractCollection.toString(AbstractCollection.java:462)
	at org.hibernate.collection.internal.PersistentBag.toString(PersistentBag.java:622)
	at java.lang.String.valueOf(String.java:2994)
	at java.lang.StringBuilder.append(StringBuilder.java:131)
	at ORM.OneToManyExample.JPA.Student.toString(Student.java:11)
	at java.lang.String.valueOf(String.java:2994)
	at java.lang.StringBuilder.append(StringBuilder.java:131)
	at ORM.OneToManyExample.JPA.Enrollment.toString(Enrollment.java:8)
	at java.lang.String.valueOf(String.java:2994)
	at java.lang.StringBuilder.append(StringBuilder.java:131)
	at java.util.AbstractCollection.toString(AbstractCollection.java:462)
	at org.hibernate.collection.internal.PersistentBag.toString(PersistentBag.java:622)
	at java.lang.String.valueOf(String.java:2994)
	at java.lang.StringBuilder.append(StringBuilder.java:131)
	at ORM.OneToManyExample.JPA.Student.toString(Student.java:11)
	at java.lang.String.valueOf(String.java:2994)
	at java.lang.StringBuilder.append(StringBuilder.java:131)
	at ORM.OneToManyExample.JPA.Enrollment.toString(Enrollment.java:8)
2026-03-10 15:35:49.963 [main] INFO  o.s.o.j.LocalContainerEntityManagerFactoryBean - Closing JPA EntityManagerFactory for persistence unit 'default'
2026-03-10 15:35:49.966 [main] INFO  com.zaxxer.hikari.HikariDataSource - HikariPool-1 - Shutdown initiated...
2026-03-10 15:35:49.969 [main] INFO  com.zaxxer.hikari.HikariDataSource - HikariPool-1 - Shutdown completed.
2026-03-10 16:09:47.861 [main] INFO  ORM.OneToManyExample.JPA.Application - Starting Application using Java 1.8.0_212 on kaq with PID 46032 (D:\JavaCodeExercise\MavenProject\target\classes started by l1597 in D:\JavaCodeExercise\MavenProject)
2026-03-10 16:09:47.863 [main] INFO  ORM.OneToManyExample.JPA.Application - No active profile set, falling back to 1 default profile: "default"
2026-03-10 16:09:48.166 [main] INFO  o.s.d.r.c.RepositoryConfigurationDelegate - Bootstrapping Spring Data JPA repositories in DEFAULT mode.
2026-03-10 16:09:48.189 [main] INFO  o.s.d.r.c.RepositoryConfigurationDelegate - Finished Spring Data repository scanning in 19 ms. Found 2 JPA repository interfaces.
2026-03-10 16:09:48.235 [main] WARN  o.m.s.mapper.ClassPathMapperScanner - No MyBatis mapper was found in '[ORM.OneToManyExample.JPA]' package. Please check your configuration.
2026-03-10 16:09:48.408 [main] INFO  o.s.b.w.e.tomcat.TomcatWebServer - Tomcat initialized with port(s): 8080 (http)
2026-03-10 16:09:48.412 [main] INFO  o.a.coyote.http11.Http11NioProtocol - Initializing ProtocolHandler ["http-nio-8080"]
2026-03-10 16:09:48.412 [main] INFO  o.a.catalina.core.StandardService - Starting service [Tomcat]
2026-03-10 16:09:48.412 [main] INFO  o.a.catalina.core.StandardEngine - Starting Servlet engine: [Apache Tomcat/9.0.83]
2026-03-10 16:09:48.486 [main] INFO  o.a.c.c.C.[Tomcat].[localhost].[/] - Initializing Spring embedded WebApplicationContext
2026-03-10 16:09:48.486 [main] INFO  o.s.b.w.s.c.ServletWebServerApplicationContext - Root WebApplicationContext: initialization completed in 599 ms
2026-03-10 16:09:48.566 [main] INFO  o.h.jpa.internal.util.LogHelper - HHH000204: Processing PersistenceUnitInfo [name: default]
2026-03-10 16:09:48.582 [main] INFO  org.hibernate.Version - HHH000412: Hibernate ORM core version 5.6.15.Final
2026-03-10 16:09:48.703 [main] INFO  o.h.annotations.common.Version - HCANN000001: Hibernate Commons Annotations {5.1.2.Final}
2026-03-10 16:09:48.739 [main] INFO  com.zaxxer.hikari.HikariDataSource - HikariPool-1 - Starting...
2026-03-10 16:09:48.798 [main] INFO  com.zaxxer.hikari.HikariDataSource - HikariPool-1 - Start completed.
2026-03-10 16:09:48.805 [main] INFO  org.hibernate.dialect.Dialect - HHH000400: Using dialect: org.hibernate.dialect.MySQL8Dialect
2026-03-10 16:09:49.106 [main] INFO  o.h.e.t.j.p.i.JtaPlatformInitiator - HHH000490: Using JtaPlatform implementation: [org.hibernate.engine.transaction.jta.platform.internal.NoJtaPlatform]
2026-03-10 16:09:49.111 [main] INFO  o.s.o.j.LocalContainerEntityManagerFactoryBean - Initialized JPA EntityManagerFactory for persistence unit 'default'
2026-03-10 16:09:49.324 [main] WARN  o.s.b.a.o.j.JpaBaseConfiguration$JpaWebConfiguration - spring.jpa.open-in-view is enabled by default. Therefore, database queries may be performed during view rendering. Explicitly configure spring.jpa.open-in-view to disable this warning
2026-03-10 16:09:49.605 [main] INFO  o.a.coyote.http11.Http11NioProtocol - Starting ProtocolHandler ["http-nio-8080"]
2026-03-10 16:09:49.613 [main] INFO  o.s.b.w.e.tomcat.TomcatWebServer - Tomcat started on port(s): 8080 (http) with context path ''
2026-03-10 16:09:49.618 [main] INFO  ORM.OneToManyExample.JPA.Application - Started Application in 1.94 seconds (JVM running for 2.461)
2026-03-10 16:11:30.172 [SpringApplicationShutdownHook] INFO  o.s.o.j.LocalContainerEntityManagerFactoryBean - Closing JPA EntityManagerFactory for persistence unit 'default'
2026-03-10 16:11:30.173 [SpringApplicationShutdownHook] INFO  com.zaxxer.hikari.HikariDataSource - HikariPool-1 - Shutdown initiated...
2026-03-10 16:11:30.177 [SpringApplicationShutdownHook] INFO  com.zaxxer.hikari.HikariDataSource - HikariPool-1 - Shutdown completed.
2026-03-10 16:20:28.620 [main] INFO  ORM.OneToManyExample.JPA.Application - Starting Application using Java 1.8.0_212 on kaq with PID 48056 (D:\JavaCodeExercise\MavenProject\target\classes started by l1597 in D:\JavaCodeExercise\MavenProject)
2026-03-10 16:20:28.622 [main] INFO  ORM.OneToManyExample.JPA.Application - No active profile set, falling back to 1 default profile: "default"
2026-03-10 16:20:28.933 [main] INFO  o.s.d.r.c.RepositoryConfigurationDelegate - Bootstrapping Spring Data JPA repositories in DEFAULT mode.
2026-03-10 16:20:28.957 [main] INFO  o.s.d.r.c.RepositoryConfigurationDelegate - Finished Spring Data repository scanning in 20 ms. Found 2 JPA repository interfaces.
2026-03-10 16:20:28.998 [main] WARN  o.m.s.mapper.ClassPathMapperScanner - No MyBatis mapper was found in '[ORM.OneToManyExample.JPA]' package. Please check your configuration.
2026-03-10 16:20:29.174 [main] INFO  o.s.b.w.e.tomcat.TomcatWebServer - Tomcat initialized with port(s): 8080 (http)
2026-03-10 16:20:29.177 [main] INFO  o.a.coyote.http11.Http11NioProtocol - Initializing ProtocolHandler ["http-nio-8080"]
2026-03-10 16:20:29.178 [main] INFO  o.a.catalina.core.StandardService - Starting service [Tomcat]
2026-03-10 16:20:29.178 [main] INFO  o.a.catalina.core.StandardEngine - Starting Servlet engine: [Apache Tomcat/9.0.83]
2026-03-10 16:20:29.257 [main] INFO  o.a.c.c.C.[Tomcat].[localhost].[/] - Initializing Spring embedded WebApplicationContext
2026-03-10 16:20:29.259 [main] INFO  o.s.b.w.s.c.ServletWebServerApplicationContext - Root WebApplicationContext: initialization completed in 612 ms
2026-03-10 16:20:29.340 [main] INFO  o.h.jpa.internal.util.LogHelper - HHH000204: Processing PersistenceUnitInfo [name: default]
2026-03-10 16:20:29.357 [main] INFO  org.hibernate.Version - HHH000412: Hibernate ORM core version 5.6.15.Final
2026-03-10 16:20:29.485 [main] INFO  o.h.annotations.common.Version - HCANN000001: Hibernate Commons Annotations {5.1.2.Final}
2026-03-10 16:20:29.523 [main] INFO  com.zaxxer.hikari.HikariDataSource - HikariPool-1 - Starting...
2026-03-10 16:20:29.582 [main] INFO  com.zaxxer.hikari.HikariDataSource - HikariPool-1 - Start completed.
2026-03-10 16:20:29.588 [main] INFO  org.hibernate.dialect.Dialect - HHH000400: Using dialect: org.hibernate.dialect.MySQL8Dialect
2026-03-10 16:20:29.873 [main] INFO  o.h.e.t.j.p.i.JtaPlatformInitiator - HHH000490: Using JtaPlatform implementation: [org.hibernate.engine.transaction.jta.platform.internal.NoJtaPlatform]
2026-03-10 16:20:29.878 [main] INFO  o.s.o.j.LocalContainerEntityManagerFactoryBean - Initialized JPA EntityManagerFactory for persistence unit 'default'
2026-03-10 16:20:30.072 [main] WARN  o.s.b.a.o.j.JpaBaseConfiguration$JpaWebConfiguration - spring.jpa.open-in-view is enabled by default. Therefore, database queries may be performed during view rendering. Explicitly configure spring.jpa.open-in-view to disable this warning
2026-03-10 16:20:30.339 [main] INFO  o.a.coyote.http11.Http11NioProtocol - Starting ProtocolHandler ["http-nio-8080"]
2026-03-10 16:20:30.350 [main] INFO  o.s.b.w.e.tomcat.TomcatWebServer - Tomcat started on port(s): 8080 (http) with context path ''
2026-03-10 16:20:30.355 [main] INFO  ORM.OneToManyExample.JPA.Application - Started Application in 1.913 seconds (JVM running for 2.424)
2026-03-10 16:21:21.327 [SpringApplicationShutdownHook] INFO  o.s.o.j.LocalContainerEntityManagerFactoryBean - Closing JPA EntityManagerFactory for persistence unit 'default'
2026-03-10 16:21:21.328 [SpringApplicationShutdownHook] INFO  com.zaxxer.hikari.HikariDataSource - HikariPool-1 - Shutdown initiated...
2026-03-10 16:21:21.331 [SpringApplicationShutdownHook] INFO  com.zaxxer.hikari.HikariDataSource - HikariPool-1 - Shutdown completed.
2026-03-10 17:06:51.084 [main] INFO  O.O.Mybatis.Application - Starting Application using Java 1.8.0_212 on kaq with PID 12852 (D:\JavaCodeExercise\MavenProject\target\classes started by l1597 in D:\JavaCodeExercise\MavenProject)
2026-03-10 17:06:51.085 [main] INFO  O.O.Mybatis.Application - No active profile set, falling back to 1 default profile: "default"
2026-03-10 17:06:51.384 [main] INFO  o.s.d.r.c.RepositoryConfigurationDelegate - Bootstrapping Spring Data JPA repositories in DEFAULT mode.
2026-03-10 17:06:51.391 [main] INFO  o.s.d.r.c.RepositoryConfigurationDelegate - Finished Spring Data repository scanning in 2 ms. Found 0 JPA repository interfaces.
2026-03-10 17:06:51.601 [main] INFO  o.s.b.w.e.tomcat.TomcatWebServer - Tomcat initialized with port(s): 8080 (http)
2026-03-10 17:06:51.605 [main] INFO  o.a.coyote.http11.Http11NioProtocol - Initializing ProtocolHandler ["http-nio-8080"]
2026-03-10 17:06:51.606 [main] INFO  o.a.catalina.core.StandardService - Starting service [Tomcat]
2026-03-10 17:06:51.606 [main] INFO  o.a.catalina.core.StandardEngine - Starting Servlet engine: [Apache Tomcat/9.0.83]
2026-03-10 17:06:51.687 [main] INFO  o.a.c.c.C.[Tomcat].[localhost].[/] - Initializing Spring embedded WebApplicationContext
2026-03-10 17:06:51.687 [main] INFO  o.s.b.w.s.c.ServletWebServerApplicationContext - Root WebApplicationContext: initialization completed in 579 ms
2026-03-10 17:06:51.769 [main] INFO  o.h.jpa.internal.util.LogHelper - HHH000204: Processing PersistenceUnitInfo [name: default]
2026-03-10 17:06:51.786 [main] INFO  org.hibernate.Version - HHH000412: Hibernate ORM core version 5.6.15.Final
2026-03-10 17:06:51.843 [main] INFO  o.h.annotations.common.Version - HCANN000001: Hibernate Commons Annotations {5.1.2.Final}
2026-03-10 17:06:51.950 [main] INFO  com.zaxxer.hikari.HikariDataSource - HikariPool-1 - Starting...
2026-03-10 17:06:52.012 [main] INFO  com.zaxxer.hikari.HikariDataSource - HikariPool-1 - Start completed.
2026-03-10 17:06:52.018 [main] INFO  org.hibernate.dialect.Dialect - HHH000400: Using dialect: org.hibernate.dialect.MySQL8Dialect
2026-03-10 17:06:52.119 [main] INFO  o.h.e.t.j.p.i.JtaPlatformInitiator - HHH000490: Using JtaPlatform implementation: [org.hibernate.engine.transaction.jta.platform.internal.NoJtaPlatform]
2026-03-10 17:06:52.125 [main] INFO  o.s.o.j.LocalContainerEntityManagerFactoryBean - Initialized JPA EntityManagerFactory for persistence unit 'default'
2026-03-10 17:06:52.309 [main] WARN  o.s.b.a.o.j.JpaBaseConfiguration$JpaWebConfiguration - spring.jpa.open-in-view is enabled by default. Therefore, database queries may be performed during view rendering. Explicitly configure spring.jpa.open-in-view to disable this warning
2026-03-10 17:06:52.465 [main] INFO  o.a.coyote.http11.Http11NioProtocol - Starting ProtocolHandler ["http-nio-8080"]
2026-03-10 17:06:52.473 [main] INFO  o.s.b.w.e.tomcat.TomcatWebServer - Tomcat started on port(s): 8080 (http) with context path ''
2026-03-10 17:06:52.478 [main] INFO  O.O.Mybatis.Application - Started Application in 1.571 seconds (JVM running for 2.103)
2026-03-10 17:06:52.512 [main] INFO  o.s.b.a.l.ConditionEvaluationReportLoggingListener - 

Error starting ApplicationContext. To display the conditions report re-run your application with 'debug' enabled.
2026-03-10 17:06:52.523 [main] ERROR o.s.boot.SpringApplication - Application run failed
java.lang.IllegalStateException: Failed to execute CommandLineRunner
	at org.springframework.boot.SpringApplication.callRunner(SpringApplication.java:768)
	at org.springframework.boot.SpringApplication.lambda$callRunners$2(SpringApplication.java:749)
	at java.util.stream.ForEachOps$ForEachOp$OfRef.accept(ForEachOps.java:184)
	at java.util.stream.SortedOps$SizedRefSortingSink.end(SortedOps.java:352)
	at java.util.stream.AbstractPipeline.copyInto(AbstractPipeline.java:482)
	at java.util.stream.AbstractPipeline.wrapAndCopyInto(AbstractPipeline.java:471)
	at java.util.stream.ForEachOps$ForEachOp.evaluateSequential(ForEachOps.java:151)
	at java.util.stream.ForEachOps$ForEachOp$OfRef.evaluateSequential(ForEachOps.java:174)
	at java.util.stream.AbstractPipeline.evaluate(AbstractPipeline.java:234)
	at java.util.stream.ReferencePipeline.forEach(ReferencePipeline.java:418)
	at org.springframework.boot.SpringApplication.callRunners(SpringApplication.java:744)
	at org.springframework.boot.SpringApplication.run(SpringApplication.java:315)
	at org.springframework.boot.SpringApplication.run(SpringApplication.java:1300)
	at org.springframework.boot.SpringApplication.run(SpringApplication.java:1289)
	at ORM.OneToManyExample.Mybatis.Application.main(Application.java:18)
Caused by: org.apache.ibatis.binding.BindingException: Invalid bound statement (not found): ORM.OneToManyExample.Mybatis.StudentMapper.selectAllWithCourses
	at org.apache.ibatis.binding.MapperMethod$SqlCommand.<init>(MapperMethod.java:235)
	at org.apache.ibatis.binding.MapperMethod.<init>(MapperMethod.java:53)
	at org.apache.ibatis.binding.MapperProxy.lambda$cachedInvoker$0(MapperProxy.java:108)
	at java.util.concurrent.ConcurrentHashMap.computeIfAbsent(ConcurrentHashMap.java:1660)
	at org.apache.ibatis.util.MapUtil.computeIfAbsent(MapUtil.java:35)
	at org.apache.ibatis.binding.MapperProxy.cachedInvoker(MapperProxy.java:95)
	at org.apache.ibatis.binding.MapperProxy.invoke(MapperProxy.java:86)
	at com.sun.proxy.$Proxy81.selectAllWithCourses(Unknown Source)
	at ORM.OneToManyExample.Mybatis.StudentService.findAllWithCourses(StudentService.java:18)
	at ORM.OneToManyExample.Mybatis.StudentService$$FastClassBySpringCGLIB$$b1bc515.invoke(<generated>)
	at org.springframework.cglib.proxy.MethodProxy.invoke(MethodProxy.java:218)
	at org.springframework.aop.framework.CglibAopProxy$CglibMethodInvocation.invokeJoinpoint(CglibAopProxy.java:792)
	at org.springframework.aop.framework.ReflectiveMethodInvocation.proceed(ReflectiveMethodInvocation.java:163)
	at org.springframework.aop.framework.CglibAopProxy$CglibMethodInvocation.proceed(CglibAopProxy.java:762)
	at org.springframework.transaction.interceptor.TransactionInterceptor$1.proceedWithInvocation(TransactionInterceptor.java:123)
	at org.springframework.transaction.interceptor.TransactionAspectSupport.invokeWithinTransaction(TransactionAspectSupport.java:388)
	at org.springframework.transaction.interceptor.TransactionInterceptor.invoke(TransactionInterceptor.java:119)
	at org.springframework.aop.framework.ReflectiveMethodInvocation.proceed(ReflectiveMethodInvocation.java:186)
	at org.springframework.aop.framework.CglibAopProxy$CglibMethodInvocation.proceed(CglibAopProxy.java:762)
	at org.springframework.aop.framework.CglibAopProxy$DynamicAdvisedInterceptor.intercept(CglibAopProxy.java:707)
	at ORM.OneToManyExample.Mybatis.StudentService$$EnhancerBySpringCGLIB$$23a7b68c.findAllWithCourses(<generated>)
	at ORM.OneToManyExample.Mybatis.Application.run(Application.java:24)
	at ORM.OneToManyExample.Mybatis.Application$$FastClassBySpringCGLIB$$f8f54215.invoke(<generated>)
	at org.springframework.cglib.proxy.MethodProxy.invoke(MethodProxy.java:218)
	at org.springframework.aop.framework.CglibAopProxy$CglibMethodInvocation.invokeJoinpoint(CglibAopProxy.java:792)
	at org.springframework.aop.framework.ReflectiveMethodInvocation.proceed(ReflectiveMethodInvocation.java:163)
	at org.springframework.aop.framework.CglibAopProxy$CglibMethodInvocation.proceed(CglibAopProxy.java:762)
	at org.springframework.transaction.interceptor.TransactionInterceptor$1.proceedWithInvocation(TransactionInterceptor.java:123)
	at org.springframework.transaction.interceptor.TransactionAspectSupport.invokeWithinTransaction(TransactionAspectSupport.java:388)
	at org.springframework.transaction.interceptor.TransactionInterceptor.invoke(TransactionInterceptor.java:119)
	at org.springframework.aop.framework.ReflectiveMethodInvocation.proceed(ReflectiveMethodInvocation.java:186)
	at org.springframework.aop.framework.CglibAopProxy$CglibMethodInvocation.proceed(CglibAopProxy.java:762)
	at org.springframework.aop.framework.CglibAopProxy$DynamicAdvisedInterceptor.intercept(CglibAopProxy.java:707)
	at ORM.OneToManyExample.Mybatis.Application$$EnhancerBySpringCGLIB$$7c63445.run(<generated>)
	at org.springframework.boot.SpringApplication.callRunner(SpringApplication.java:765)
	... 14 common frames omitted
2026-03-10 17:06:52.634 [main] INFO  o.s.o.j.LocalContainerEntityManagerFactoryBean - Closing JPA EntityManagerFactory for persistence unit 'default'
2026-03-10 17:06:52.635 [main] INFO  com.zaxxer.hikari.HikariDataSource - HikariPool-1 - Shutdown initiated...
2026-03-10 17:06:52.637 [main] INFO  com.zaxxer.hikari.HikariDataSource - HikariPool-1 - Shutdown completed.
2026-03-10 17:10:26.363 [main] INFO  O.O.Mybatis.Application - Starting Application using Java 1.8.0_212 on kaq with PID 29368 (D:\JavaCodeExercise\MavenProject\target\classes started by l1597 in D:\JavaCodeExercise\MavenProject)
2026-03-10 17:10:26.365 [main] INFO  O.O.Mybatis.Application - No active profile set, falling back to 1 default profile: "default"
2026-03-10 17:10:26.656 [main] INFO  o.s.d.r.c.RepositoryConfigurationDelegate - Bootstrapping Spring Data JPA repositories in DEFAULT mode.
2026-03-10 17:10:26.663 [main] INFO  o.s.d.r.c.RepositoryConfigurationDelegate - Finished Spring Data repository scanning in 2 ms. Found 0 JPA repository interfaces.
2026-03-10 17:10:26.871 [main] INFO  o.s.b.w.e.tomcat.TomcatWebServer - Tomcat initialized with port(s): 8080 (http)
2026-03-10 17:10:26.876 [main] INFO  o.a.coyote.http11.Http11NioProtocol - Initializing ProtocolHandler ["http-nio-8080"]
2026-03-10 17:10:26.877 [main] INFO  o.a.catalina.core.StandardService - Starting service [Tomcat]
2026-03-10 17:10:26.877 [main] INFO  o.a.catalina.core.StandardEngine - Starting Servlet engine: [Apache Tomcat/9.0.83]
2026-03-10 17:10:26.950 [main] INFO  o.a.c.c.C.[Tomcat].[localhost].[/] - Initializing Spring embedded WebApplicationContext
2026-03-10 17:10:26.951 [main] INFO  o.s.b.w.s.c.ServletWebServerApplicationContext - Root WebApplicationContext: initialization completed in 562 ms
2026-03-10 17:10:27.036 [main] INFO  o.h.jpa.internal.util.LogHelper - HHH000204: Processing PersistenceUnitInfo [name: default]
2026-03-10 17:10:27.052 [main] INFO  org.hibernate.Version - HHH000412: Hibernate ORM core version 5.6.15.Final
2026-03-10 17:10:27.108 [main] INFO  o.h.annotations.common.Version - HCANN000001: Hibernate Commons Annotations {5.1.2.Final}
2026-03-10 17:10:27.203 [main] INFO  com.zaxxer.hikari.HikariDataSource - HikariPool-1 - Starting...
2026-03-10 17:10:27.257 [main] INFO  com.zaxxer.hikari.HikariDataSource - HikariPool-1 - Start completed.
2026-03-10 17:10:27.263 [main] INFO  org.hibernate.dialect.Dialect - HHH000400: Using dialect: org.hibernate.dialect.MySQL8Dialect
2026-03-10 17:10:27.345 [main] INFO  o.h.e.t.j.p.i.JtaPlatformInitiator - HHH000490: Using JtaPlatform implementation: [org.hibernate.engine.transaction.jta.platform.internal.NoJtaPlatform]
2026-03-10 17:10:27.351 [main] INFO  o.s.o.j.LocalContainerEntityManagerFactoryBean - Initialized JPA EntityManagerFactory for persistence unit 'default'
2026-03-10 17:10:27.518 [main] WARN  o.s.b.a.o.j.JpaBaseConfiguration$JpaWebConfiguration - spring.jpa.open-in-view is enabled by default. Therefore, database queries may be performed during view rendering. Explicitly configure spring.jpa.open-in-view to disable this warning
2026-03-10 17:10:27.661 [main] INFO  o.a.coyote.http11.Http11NioProtocol - Starting ProtocolHandler ["http-nio-8080"]
2026-03-10 17:10:27.669 [main] INFO  o.s.b.w.e.tomcat.TomcatWebServer - Tomcat started on port(s): 8080 (http) with context path ''
2026-03-10 17:10:27.674 [main] INFO  O.O.Mybatis.Application - Started Application in 1.496 seconds (JVM running for 2.031)
2026-03-10 17:10:27.715 [main] INFO  o.s.b.a.l.ConditionEvaluationReportLoggingListener - 

Error starting ApplicationContext. To display the conditions report re-run your application with 'debug' enabled.
2026-03-10 17:10:27.725 [main] ERROR o.s.boot.SpringApplication - Application run failed
java.lang.IllegalStateException: Failed to execute CommandLineRunner
	at org.springframework.boot.SpringApplication.callRunner(SpringApplication.java:768)
	at org.springframework.boot.SpringApplication.lambda$callRunners$2(SpringApplication.java:749)
	at java.util.stream.ForEachOps$ForEachOp$OfRef.accept(ForEachOps.java:184)
	at java.util.stream.SortedOps$SizedRefSortingSink.end(SortedOps.java:352)
	at java.util.stream.AbstractPipeline.copyInto(AbstractPipeline.java:482)
	at java.util.stream.AbstractPipeline.wrapAndCopyInto(AbstractPipeline.java:471)
	at java.util.stream.ForEachOps$ForEachOp.evaluateSequential(ForEachOps.java:151)
	at java.util.stream.ForEachOps$ForEachOp$OfRef.evaluateSequential(ForEachOps.java:174)
	at java.util.stream.AbstractPipeline.evaluate(AbstractPipeline.java:234)
	at java.util.stream.ReferencePipeline.forEach(ReferencePipeline.java:418)
	at org.springframework.boot.SpringApplication.callRunners(SpringApplication.java:744)
	at org.springframework.boot.SpringApplication.run(SpringApplication.java:315)
	at org.springframework.boot.SpringApplication.run(SpringApplication.java:1300)
	at org.springframework.boot.SpringApplication.run(SpringApplication.java:1289)
	at ORM.OneToManyExample.Mybatis.Application.main(Application.java:18)
Caused by: org.apache.ibatis.binding.BindingException: Invalid bound statement (not found): ORM.OneToManyExample.Mybatis.StudentMapper.selectAllWithCourses
	at org.apache.ibatis.binding.MapperMethod$SqlCommand.<init>(MapperMethod.java:235)
	at org.apache.ibatis.binding.MapperMethod.<init>(MapperMethod.java:53)
	at org.apache.ibatis.binding.MapperProxy.lambda$cachedInvoker$0(MapperProxy.java:108)
	at java.util.concurrent.ConcurrentHashMap.computeIfAbsent(ConcurrentHashMap.java:1660)
	at org.apache.ibatis.util.MapUtil.computeIfAbsent(MapUtil.java:35)
	at org.apache.ibatis.binding.MapperProxy.cachedInvoker(MapperProxy.java:95)
	at org.apache.ibatis.binding.MapperProxy.invoke(MapperProxy.java:86)
	at com.sun.proxy.$Proxy81.selectAllWithCourses(Unknown Source)
	at ORM.OneToManyExample.Mybatis.StudentService.findAllWithCourses(StudentService.java:18)
	at ORM.OneToManyExample.Mybatis.StudentService$$FastClassBySpringCGLIB$$b1bc515.invoke(<generated>)
	at org.springframework.cglib.proxy.MethodProxy.invoke(MethodProxy.java:218)
	at org.springframework.aop.framework.CglibAopProxy$CglibMethodInvocation.invokeJoinpoint(CglibAopProxy.java:792)
	at org.springframework.aop.framework.ReflectiveMethodInvocation.proceed(ReflectiveMethodInvocation.java:163)
	at org.springframework.aop.framework.CglibAopProxy$CglibMethodInvocation.proceed(CglibAopProxy.java:762)
	at org.springframework.transaction.interceptor.TransactionInterceptor$1.proceedWithInvocation(TransactionInterceptor.java:123)
	at org.springframework.transaction.interceptor.TransactionAspectSupport.invokeWithinTransaction(TransactionAspectSupport.java:388)
	at org.springframework.transaction.interceptor.TransactionInterceptor.invoke(TransactionInterceptor.java:119)
	at org.springframework.aop.framework.ReflectiveMethodInvocation.proceed(ReflectiveMethodInvocation.java:186)
	at org.springframework.aop.framework.CglibAopProxy$CglibMethodInvocation.proceed(CglibAopProxy.java:762)
	at org.springframework.aop.framework.CglibAopProxy$DynamicAdvisedInterceptor.intercept(CglibAopProxy.java:707)
	at ORM.OneToManyExample.Mybatis.StudentService$$EnhancerBySpringCGLIB$$23a7b68c.findAllWithCourses(<generated>)
	at ORM.OneToManyExample.Mybatis.Application.run(Application.java:24)
	at ORM.OneToManyExample.Mybatis.Application$$FastClassBySpringCGLIB$$f8f54215.invoke(<generated>)
	at org.springframework.cglib.proxy.MethodProxy.invoke(MethodProxy.java:218)
	at org.springframework.aop.framework.CglibAopProxy$CglibMethodInvocation.invokeJoinpoint(CglibAopProxy.java:792)
	at org.springframework.aop.framework.ReflectiveMethodInvocation.proceed(ReflectiveMethodInvocation.java:163)
	at org.springframework.aop.framework.CglibAopProxy$CglibMethodInvocation.proceed(CglibAopProxy.java:762)
	at org.springframework.transaction.interceptor.TransactionInterceptor$1.proceedWithInvocation(TransactionInterceptor.java:123)
	at org.springframework.transaction.interceptor.TransactionAspectSupport.invokeWithinTransaction(TransactionAspectSupport.java:388)
	at org.springframework.transaction.interceptor.TransactionInterceptor.invoke(TransactionInterceptor.java:119)
	at org.springframework.aop.framework.ReflectiveMethodInvocation.proceed(ReflectiveMethodInvocation.java:186)
	at org.springframework.aop.framework.CglibAopProxy$CglibMethodInvocation.proceed(CglibAopProxy.java:762)
	at org.springframework.aop.framework.CglibAopProxy$DynamicAdvisedInterceptor.intercept(CglibAopProxy.java:707)
	at ORM.OneToManyExample.Mybatis.Application$$EnhancerBySpringCGLIB$$7c63445.run(<generated>)
	at org.springframework.boot.SpringApplication.callRunner(SpringApplication.java:765)
	... 14 common frames omitted
2026-03-10 17:10:27.838 [main] INFO  o.s.o.j.LocalContainerEntityManagerFactoryBean - Closing JPA EntityManagerFactory for persistence unit 'default'
2026-03-10 17:10:27.839 [main] INFO  com.zaxxer.hikari.HikariDataSource - HikariPool-1 - Shutdown initiated...
2026-03-10 17:10:27.841 [main] INFO  com.zaxxer.hikari.HikariDataSource - HikariPool-1 - Shutdown completed.
2026-03-10 17:14:58.333 [main] INFO  O.O.Mybatis.Application - Starting Application using Java 1.8.0_212 on kaq with PID 22412 (D:\JavaCodeExercise\MavenProject\target\classes started by l1597 in D:\JavaCodeExercise\MavenProject)
2026-03-10 17:14:58.334 [main] INFO  O.O.Mybatis.Application - No active profile set, falling back to 1 default profile: "default"
2026-03-10 17:14:58.661 [main] INFO  o.s.d.r.c.RepositoryConfigurationDelegate - Bootstrapping Spring Data JPA repositories in DEFAULT mode.
2026-03-10 17:14:58.667 [main] INFO  o.s.d.r.c.RepositoryConfigurationDelegate - Finished Spring Data repository scanning in 2 ms. Found 0 JPA repository interfaces.
2026-03-10 17:14:58.882 [main] INFO  o.s.b.w.e.tomcat.TomcatWebServer - Tomcat initialized with port(s): 8080 (http)
2026-03-10 17:14:58.886 [main] INFO  o.a.coyote.http11.Http11NioProtocol - Initializing ProtocolHandler ["http-nio-8080"]
2026-03-10 17:14:58.887 [main] INFO  o.a.catalina.core.StandardService - Starting service [Tomcat]
2026-03-10 17:14:58.887 [main] INFO  o.a.catalina.core.StandardEngine - Starting Servlet engine: [Apache Tomcat/9.0.83]
2026-03-10 17:14:58.962 [main] INFO  o.a.c.c.C.[Tomcat].[localhost].[/] - Initializing Spring embedded WebApplicationContext
2026-03-10 17:14:58.963 [main] INFO  o.s.b.w.s.c.ServletWebServerApplicationContext - Root WebApplicationContext: initialization completed in 599 ms
2026-03-10 17:14:59.039 [main] INFO  o.h.jpa.internal.util.LogHelper - HHH000204: Processing PersistenceUnitInfo [name: default]
2026-03-10 17:14:59.055 [main] INFO  org.hibernate.Version - HHH000412: Hibernate ORM core version 5.6.15.Final
2026-03-10 17:14:59.107 [main] INFO  o.h.annotations.common.Version - HCANN000001: Hibernate Commons Annotations {5.1.2.Final}
2026-03-10 17:14:59.204 [main] INFO  com.zaxxer.hikari.HikariDataSource - HikariPool-1 - Starting...
2026-03-10 17:14:59.259 [main] INFO  com.zaxxer.hikari.HikariDataSource - HikariPool-1 - Start completed.
2026-03-10 17:14:59.264 [main] INFO  org.hibernate.dialect.Dialect - HHH000400: Using dialect: org.hibernate.dialect.MySQL8Dialect
2026-03-10 17:14:59.352 [main] INFO  o.h.e.t.j.p.i.JtaPlatformInitiator - HHH000490: Using JtaPlatform implementation: [org.hibernate.engine.transaction.jta.platform.internal.NoJtaPlatform]
2026-03-10 17:14:59.357 [main] INFO  o.s.o.j.LocalContainerEntityManagerFactoryBean - Initialized JPA EntityManagerFactory for persistence unit 'default'
2026-03-10 17:14:59.533 [main] WARN  o.s.b.a.o.j.JpaBaseConfiguration$JpaWebConfiguration - spring.jpa.open-in-view is enabled by default. Therefore, database queries may be performed during view rendering. Explicitly configure spring.jpa.open-in-view to disable this warning
2026-03-10 17:14:59.680 [main] INFO  o.a.coyote.http11.Http11NioProtocol - Starting ProtocolHandler ["http-nio-8080"]
2026-03-10 17:14:59.689 [main] INFO  o.s.b.w.e.tomcat.TomcatWebServer - Tomcat started on port(s): 8080 (http) with context path ''
2026-03-10 17:14:59.694 [main] INFO  O.O.Mybatis.Application - Started Application in 1.611 seconds (JVM running for 2.269)
2026-03-10 17:14:59.739 [main] INFO  o.s.b.a.l.ConditionEvaluationReportLoggingListener - 

Error starting ApplicationContext. To display the conditions report re-run your application with 'debug' enabled.
2026-03-10 17:14:59.750 [main] ERROR o.s.boot.SpringApplication - Application run failed
java.lang.IllegalStateException: Failed to execute CommandLineRunner
	at org.springframework.boot.SpringApplication.callRunner(SpringApplication.java:768)
	at org.springframework.boot.SpringApplication.lambda$callRunners$2(SpringApplication.java:749)
	at java.util.stream.ForEachOps$ForEachOp$OfRef.accept(ForEachOps.java:184)
	at java.util.stream.SortedOps$SizedRefSortingSink.end(SortedOps.java:352)
	at java.util.stream.AbstractPipeline.copyInto(AbstractPipeline.java:482)
	at java.util.stream.AbstractPipeline.wrapAndCopyInto(AbstractPipeline.java:471)
	at java.util.stream.ForEachOps$ForEachOp.evaluateSequential(ForEachOps.java:151)
	at java.util.stream.ForEachOps$ForEachOp$OfRef.evaluateSequential(ForEachOps.java:174)
	at java.util.stream.AbstractPipeline.evaluate(AbstractPipeline.java:234)
	at java.util.stream.ReferencePipeline.forEach(ReferencePipeline.java:418)
	at org.springframework.boot.SpringApplication.callRunners(SpringApplication.java:744)
	at org.springframework.boot.SpringApplication.run(SpringApplication.java:315)
	at org.springframework.boot.SpringApplication.run(SpringApplication.java:1300)
	at org.springframework.boot.SpringApplication.run(SpringApplication.java:1289)
	at ORM.OneToManyExample.Mybatis.Application.main(Application.java:18)
Caused by: org.apache.ibatis.binding.BindingException: Invalid bound statement (not found): ORM.OneToManyExample.Mybatis.StudentMapper.selectAllWithCourses
	at org.apache.ibatis.binding.MapperMethod$SqlCommand.<init>(MapperMethod.java:235)
	at org.apache.ibatis.binding.MapperMethod.<init>(MapperMethod.java:53)
	at org.apache.ibatis.binding.MapperProxy.lambda$cachedInvoker$0(MapperProxy.java:108)
	at java.util.concurrent.ConcurrentHashMap.computeIfAbsent(ConcurrentHashMap.java:1660)
	at org.apache.ibatis.util.MapUtil.computeIfAbsent(MapUtil.java:35)
	at org.apache.ibatis.binding.MapperProxy.cachedInvoker(MapperProxy.java:95)
	at org.apache.ibatis.binding.MapperProxy.invoke(MapperProxy.java:86)
	at com.sun.proxy.$Proxy81.selectAllWithCourses(Unknown Source)
	at ORM.OneToManyExample.Mybatis.StudentService.findAllWithCourses(StudentService.java:18)
	at ORM.OneToManyExample.Mybatis.StudentService$$FastClassBySpringCGLIB$$b1bc515.invoke(<generated>)
	at org.springframework.cglib.proxy.MethodProxy.invoke(MethodProxy.java:218)
	at org.springframework.aop.framework.CglibAopProxy$CglibMethodInvocation.invokeJoinpoint(CglibAopProxy.java:792)
	at org.springframework.aop.framework.ReflectiveMethodInvocation.proceed(ReflectiveMethodInvocation.java:163)
	at org.springframework.aop.framework.CglibAopProxy$CglibMethodInvocation.proceed(CglibAopProxy.java:762)
	at org.springframework.transaction.interceptor.TransactionInterceptor$1.proceedWithInvocation(TransactionInterceptor.java:123)
	at org.springframework.transaction.interceptor.TransactionAspectSupport.invokeWithinTransaction(TransactionAspectSupport.java:388)
	at org.springframework.transaction.interceptor.TransactionInterceptor.invoke(TransactionInterceptor.java:119)
	at org.springframework.aop.framework.ReflectiveMethodInvocation.proceed(ReflectiveMethodInvocation.java:186)
	at org.springframework.aop.framework.CglibAopProxy$CglibMethodInvocation.proceed(CglibAopProxy.java:762)
	at org.springframework.aop.framework.CglibAopProxy$DynamicAdvisedInterceptor.intercept(CglibAopProxy.java:707)
	at ORM.OneToManyExample.Mybatis.StudentService$$EnhancerBySpringCGLIB$$23a7b68c.findAllWithCourses(<generated>)
	at ORM.OneToManyExample.Mybatis.Application.run(Application.java:24)
	at ORM.OneToManyExample.Mybatis.Application$$FastClassBySpringCGLIB$$f8f54215.invoke(<generated>)
	at org.springframework.cglib.proxy.MethodProxy.invoke(MethodProxy.java:218)
	at org.springframework.aop.framework.CglibAopProxy$CglibMethodInvocation.invokeJoinpoint(CglibAopProxy.java:792)
	at org.springframework.aop.framework.ReflectiveMethodInvocation.proceed(ReflectiveMethodInvocation.java:163)
	at org.springframework.aop.framework.CglibAopProxy$CglibMethodInvocation.proceed(CglibAopProxy.java:762)
	at org.springframework.transaction.interceptor.TransactionInterceptor$1.proceedWithInvocation(TransactionInterceptor.java:123)
	at org.springframework.transaction.interceptor.TransactionAspectSupport.invokeWithinTransaction(TransactionAspectSupport.java:388)
	at org.springframework.transaction.interceptor.TransactionInterceptor.invoke(TransactionInterceptor.java:119)
	at org.springframework.aop.framework.ReflectiveMethodInvocation.proceed(ReflectiveMethodInvocation.java:186)
	at org.springframework.aop.framework.CglibAopProxy$CglibMethodInvocation.proceed(CglibAopProxy.java:762)
	at org.springframework.aop.framework.CglibAopProxy$DynamicAdvisedInterceptor.intercept(CglibAopProxy.java:707)
	at ORM.OneToManyExample.Mybatis.Application$$EnhancerBySpringCGLIB$$7c63445.run(<generated>)
	at org.springframework.boot.SpringApplication.callRunner(SpringApplication.java:765)
	... 14 common frames omitted
2026-03-10 17:14:59.868 [main] INFO  o.s.o.j.LocalContainerEntityManagerFactoryBean - Closing JPA EntityManagerFactory for persistence unit 'default'
2026-03-10 17:14:59.869 [main] INFO  com.zaxxer.hikari.HikariDataSource - HikariPool-1 - Shutdown initiated...
2026-03-10 17:14:59.872 [main] INFO  com.zaxxer.hikari.HikariDataSource - HikariPool-1 - Shutdown completed.
2026-03-10 17:16:30.095 [main] INFO  O.O.Mybatis.Application - Starting Application using Java 1.8.0_212 on kaq with PID 46216 (D:\JavaCodeExercise\MavenProject\target\classes started by l1597 in D:\JavaCodeExercise\MavenProject)
2026-03-10 17:16:30.096 [main] INFO  O.O.Mybatis.Application - No active profile set, falling back to 1 default profile: "default"
2026-03-10 17:16:30.390 [main] INFO  o.s.d.r.c.RepositoryConfigurationDelegate - Bootstrapping Spring Data JPA repositories in DEFAULT mode.
2026-03-10 17:16:30.395 [main] INFO  o.s.d.r.c.RepositoryConfigurationDelegate - Finished Spring Data repository scanning in 2 ms. Found 0 JPA repository interfaces.
2026-03-10 17:16:30.617 [main] INFO  o.s.b.w.e.tomcat.TomcatWebServer - Tomcat initialized with port(s): 8080 (http)
2026-03-10 17:16:30.620 [main] INFO  o.a.coyote.http11.Http11NioProtocol - Initializing ProtocolHandler ["http-nio-8080"]
2026-03-10 17:16:30.620 [main] INFO  o.a.catalina.core.StandardService - Starting service [Tomcat]
2026-03-10 17:16:30.622 [main] INFO  o.a.catalina.core.StandardEngine - Starting Servlet engine: [Apache Tomcat/9.0.83]
2026-03-10 17:16:30.696 [main] INFO  o.a.c.c.C.[Tomcat].[localhost].[/] - Initializing Spring embedded WebApplicationContext
2026-03-10 17:16:30.696 [main] INFO  o.s.b.w.s.c.ServletWebServerApplicationContext - Root WebApplicationContext: initialization completed in 578 ms
2026-03-10 17:16:30.781 [main] INFO  o.h.jpa.internal.util.LogHelper - HHH000204: Processing PersistenceUnitInfo [name: default]
2026-03-10 17:16:30.800 [main] INFO  org.hibernate.Version - HHH000412: Hibernate ORM core version 5.6.15.Final
2026-03-10 17:16:30.860 [main] INFO  o.h.annotations.common.Version - HCANN000001: Hibernate Commons Annotations {5.1.2.Final}
2026-03-10 17:16:30.969 [main] INFO  com.zaxxer.hikari.HikariDataSource - HikariPool-1 - Starting...
2026-03-10 17:16:31.024 [main] INFO  com.zaxxer.hikari.HikariDataSource - HikariPool-1 - Start completed.
2026-03-10 17:16:31.029 [main] INFO  org.hibernate.dialect.Dialect - HHH000400: Using dialect: org.hibernate.dialect.MySQL8Dialect
2026-03-10 17:16:31.123 [main] INFO  o.h.e.t.j.p.i.JtaPlatformInitiator - HHH000490: Using JtaPlatform implementation: [org.hibernate.engine.transaction.jta.platform.internal.NoJtaPlatform]
2026-03-10 17:16:31.129 [main] INFO  o.s.o.j.LocalContainerEntityManagerFactoryBean - Initialized JPA EntityManagerFactory for persistence unit 'default'
2026-03-10 17:16:31.302 [main] WARN  o.s.b.a.o.j.JpaBaseConfiguration$JpaWebConfiguration - spring.jpa.open-in-view is enabled by default. Therefore, database queries may be performed during view rendering. Explicitly configure spring.jpa.open-in-view to disable this warning
2026-03-10 17:16:31.448 [main] INFO  o.a.coyote.http11.Http11NioProtocol - Starting ProtocolHandler ["http-nio-8080"]
2026-03-10 17:16:31.457 [main] INFO  o.s.b.w.e.tomcat.TomcatWebServer - Tomcat started on port(s): 8080 (http) with context path ''
2026-03-10 17:16:31.462 [main] INFO  O.O.Mybatis.Application - Started Application in 1.54 seconds (JVM running for 2.09)
2026-03-10 17:16:31.502 [main] INFO  o.s.b.a.l.ConditionEvaluationReportLoggingListener - 

Error starting ApplicationContext. To display the conditions report re-run your application with 'debug' enabled.
2026-03-10 17:16:31.511 [main] ERROR o.s.boot.SpringApplication - Application run failed
java.lang.IllegalStateException: Failed to execute CommandLineRunner
	at org.springframework.boot.SpringApplication.callRunner(SpringApplication.java:768)
	at org.springframework.boot.SpringApplication.lambda$callRunners$2(SpringApplication.java:749)
	at java.util.stream.ForEachOps$ForEachOp$OfRef.accept(ForEachOps.java:184)
	at java.util.stream.SortedOps$SizedRefSortingSink.end(SortedOps.java:352)
	at java.util.stream.AbstractPipeline.copyInto(AbstractPipeline.java:482)
	at java.util.stream.AbstractPipeline.wrapAndCopyInto(AbstractPipeline.java:471)
	at java.util.stream.ForEachOps$ForEachOp.evaluateSequential(ForEachOps.java:151)
	at java.util.stream.ForEachOps$ForEachOp$OfRef.evaluateSequential(ForEachOps.java:174)
	at java.util.stream.AbstractPipeline.evaluate(AbstractPipeline.java:234)
	at java.util.stream.ReferencePipeline.forEach(ReferencePipeline.java:418)
	at org.springframework.boot.SpringApplication.callRunners(SpringApplication.java:744)
	at org.springframework.boot.SpringApplication.run(SpringApplication.java:315)
	at org.springframework.boot.SpringApplication.run(SpringApplication.java:1300)
	at org.springframework.boot.SpringApplication.run(SpringApplication.java:1289)
	at ORM.OneToManyExample.Mybatis.Application.main(Application.java:18)
Caused by: org.apache.ibatis.binding.BindingException: Invalid bound statement (not found): ORM.OneToManyExample.Mybatis.StudentMapper.selectAllWithCourses
	at org.apache.ibatis.binding.MapperMethod$SqlCommand.<init>(MapperMethod.java:235)
	at org.apache.ibatis.binding.MapperMethod.<init>(MapperMethod.java:53)
	at org.apache.ibatis.binding.MapperProxy.lambda$cachedInvoker$0(MapperProxy.java:108)
	at java.util.concurrent.ConcurrentHashMap.computeIfAbsent(ConcurrentHashMap.java:1660)
	at org.apache.ibatis.util.MapUtil.computeIfAbsent(MapUtil.java:35)
	at org.apache.ibatis.binding.MapperProxy.cachedInvoker(MapperProxy.java:95)
	at org.apache.ibatis.binding.MapperProxy.invoke(MapperProxy.java:86)
	at com.sun.proxy.$Proxy81.selectAllWithCourses(Unknown Source)
	at ORM.OneToManyExample.Mybatis.StudentService.findAllWithCourses(StudentService.java:18)
	at ORM.OneToManyExample.Mybatis.StudentService$$FastClassBySpringCGLIB$$b1bc515.invoke(<generated>)
	at org.springframework.cglib.proxy.MethodProxy.invoke(MethodProxy.java:218)
	at org.springframework.aop.framework.CglibAopProxy$CglibMethodInvocation.invokeJoinpoint(CglibAopProxy.java:792)
	at org.springframework.aop.framework.ReflectiveMethodInvocation.proceed(ReflectiveMethodInvocation.java:163)
	at org.springframework.aop.framework.CglibAopProxy$CglibMethodInvocation.proceed(CglibAopProxy.java:762)
	at org.springframework.transaction.interceptor.TransactionInterceptor$1.proceedWithInvocation(TransactionInterceptor.java:123)
	at org.springframework.transaction.interceptor.TransactionAspectSupport.invokeWithinTransaction(TransactionAspectSupport.java:388)
	at org.springframework.transaction.interceptor.TransactionInterceptor.invoke(TransactionInterceptor.java:119)
	at org.springframework.aop.framework.ReflectiveMethodInvocation.proceed(ReflectiveMethodInvocation.java:186)
	at org.springframework.aop.framework.CglibAopProxy$CglibMethodInvocation.proceed(CglibAopProxy.java:762)
	at org.springframework.aop.framework.CglibAopProxy$DynamicAdvisedInterceptor.intercept(CglibAopProxy.java:707)
	at ORM.OneToManyExample.Mybatis.StudentService$$EnhancerBySpringCGLIB$$23a7b68c.findAllWithCourses(<generated>)
	at ORM.OneToManyExample.Mybatis.Application.run(Application.java:24)
	at ORM.OneToManyExample.Mybatis.Application$$FastClassBySpringCGLIB$$f8f54215.invoke(<generated>)
	at org.springframework.cglib.proxy.MethodProxy.invoke(MethodProxy.java:218)
	at org.springframework.aop.framework.CglibAopProxy$CglibMethodInvocation.invokeJoinpoint(CglibAopProxy.java:792)
	at org.springframework.aop.framework.ReflectiveMethodInvocation.proceed(ReflectiveMethodInvocation.java:163)
	at org.springframework.aop.framework.CglibAopProxy$CglibMethodInvocation.proceed(CglibAopProxy.java:762)
	at org.springframework.transaction.interceptor.TransactionInterceptor$1.proceedWithInvocation(TransactionInterceptor.java:123)
	at org.springframework.transaction.interceptor.TransactionAspectSupport.invokeWithinTransaction(TransactionAspectSupport.java:388)
	at org.springframework.transaction.interceptor.TransactionInterceptor.invoke(TransactionInterceptor.java:119)
	at org.springframework.aop.framework.ReflectiveMethodInvocation.proceed(ReflectiveMethodInvocation.java:186)
	at org.springframework.aop.framework.CglibAopProxy$CglibMethodInvocation.proceed(CglibAopProxy.java:762)
	at org.springframework.aop.framework.CglibAopProxy$DynamicAdvisedInterceptor.intercept(CglibAopProxy.java:707)
	at ORM.OneToManyExample.Mybatis.Application$$EnhancerBySpringCGLIB$$7c63445.run(<generated>)
	at org.springframework.boot.SpringApplication.callRunner(SpringApplication.java:765)
	... 14 common frames omitted
2026-03-10 17:16:31.624 [main] INFO  o.s.o.j.LocalContainerEntityManagerFactoryBean - Closing JPA EntityManagerFactory for persistence unit 'default'
2026-03-10 17:16:31.625 [main] INFO  com.zaxxer.hikari.HikariDataSource - HikariPool-1 - Shutdown initiated...
2026-03-10 17:16:31.628 [main] INFO  com.zaxxer.hikari.HikariDataSource - HikariPool-1 - Shutdown completed.
2026-03-10 17:24:19.509 [main] INFO  O.O.Mybatis.Application - Starting Application using Java 1.8.0_212 on kaq with PID 46528 (D:\JavaCodeExercise\MavenProject\target\classes started by l1597 in D:\JavaCodeExercise\MavenProject)
2026-03-10 17:24:19.510 [main] INFO  O.O.Mybatis.Application - No active profile set, falling back to 1 default profile: "default"
2026-03-10 17:24:19.816 [main] INFO  o.s.d.r.c.RepositoryConfigurationDelegate - Bootstrapping Spring Data JPA repositories in DEFAULT mode.
2026-03-10 17:24:19.823 [main] INFO  o.s.d.r.c.RepositoryConfigurationDelegate - Finished Spring Data repository scanning in 2 ms. Found 0 JPA repository interfaces.
2026-03-10 17:24:20.045 [main] INFO  o.s.b.w.e.tomcat.TomcatWebServer - Tomcat initialized with port(s): 8080 (http)
2026-03-10 17:24:20.049 [main] INFO  o.a.coyote.http11.Http11NioProtocol - Initializing ProtocolHandler ["http-nio-8080"]
2026-03-10 17:24:20.050 [main] INFO  o.a.catalina.core.StandardService - Starting service [Tomcat]
2026-03-10 17:24:20.050 [main] INFO  o.a.catalina.core.StandardEngine - Starting Servlet engine: [Apache Tomcat/9.0.83]
2026-03-10 17:24:20.127 [main] INFO  o.a.c.c.C.[Tomcat].[localhost].[/] - Initializing Spring embedded WebApplicationContext
2026-03-10 17:24:20.127 [main] INFO  o.s.b.w.s.c.ServletWebServerApplicationContext - Root WebApplicationContext: initialization completed in 588 ms
2026-03-10 17:24:20.206 [main] INFO  o.h.jpa.internal.util.LogHelper - HHH000204: Processing PersistenceUnitInfo [name: default]
2026-03-10 17:24:20.222 [main] INFO  org.hibernate.Version - HHH000412: Hibernate ORM core version 5.6.15.Final
2026-03-10 17:24:20.274 [main] INFO  o.h.annotations.common.Version - HCANN000001: Hibernate Commons Annotations {5.1.2.Final}
2026-03-10 17:24:20.371 [main] INFO  com.zaxxer.hikari.HikariDataSource - HikariPool-1 - Starting...
2026-03-10 17:24:20.424 [main] INFO  com.zaxxer.hikari.HikariDataSource - HikariPool-1 - Start completed.
2026-03-10 17:24:20.431 [main] INFO  org.hibernate.dialect.Dialect - HHH000400: Using dialect: org.hibernate.dialect.MySQL8Dialect
2026-03-10 17:24:20.517 [main] INFO  o.h.e.t.j.p.i.JtaPlatformInitiator - HHH000490: Using JtaPlatform implementation: [org.hibernate.engine.transaction.jta.platform.internal.NoJtaPlatform]
2026-03-10 17:24:20.522 [main] INFO  o.s.o.j.LocalContainerEntityManagerFactoryBean - Initialized JPA EntityManagerFactory for persistence unit 'default'
2026-03-10 17:24:20.603 [main] WARN  o.s.b.a.o.j.JpaBaseConfiguration$JpaWebConfiguration - spring.jpa.open-in-view is enabled by default. Therefore, database queries may be performed during view rendering. Explicitly configure spring.jpa.open-in-view to disable this warning
2026-03-10 17:24:20.734 [main] INFO  o.a.coyote.http11.Http11NioProtocol - Starting ProtocolHandler ["http-nio-8080"]
2026-03-10 17:24:20.746 [main] INFO  o.s.b.w.e.tomcat.TomcatWebServer - Tomcat started on port(s): 8080 (http) with context path ''
2026-03-10 17:24:20.753 [main] INFO  O.O.Mybatis.Application - Started Application in 1.443 seconds (JVM running for 2.035)
2026-03-10 17:24:20.790 [main] INFO  o.s.b.a.l.ConditionEvaluationReportLoggingListener - 

Error starting ApplicationContext. To display the conditions report re-run your application with 'debug' enabled.
2026-03-10 17:24:20.800 [main] ERROR o.s.boot.SpringApplication - Application run failed
java.lang.IllegalStateException: Failed to execute CommandLineRunner
	at org.springframework.boot.SpringApplication.callRunner(SpringApplication.java:768)
	at org.springframework.boot.SpringApplication.lambda$callRunners$2(SpringApplication.java:749)
	at java.util.stream.ForEachOps$ForEachOp$OfRef.accept(ForEachOps.java:184)
	at java.util.stream.SortedOps$SizedRefSortingSink.end(SortedOps.java:352)
	at java.util.stream.AbstractPipeline.copyInto(AbstractPipeline.java:482)
	at java.util.stream.AbstractPipeline.wrapAndCopyInto(AbstractPipeline.java:471)
	at java.util.stream.ForEachOps$ForEachOp.evaluateSequential(ForEachOps.java:151)
	at java.util.stream.ForEachOps$ForEachOp$OfRef.evaluateSequential(ForEachOps.java:174)
	at java.util.stream.AbstractPipeline.evaluate(AbstractPipeline.java:234)
	at java.util.stream.ReferencePipeline.forEach(ReferencePipeline.java:418)
	at org.springframework.boot.SpringApplication.callRunners(SpringApplication.java:744)
	at org.springframework.boot.SpringApplication.run(SpringApplication.java:315)
	at org.springframework.boot.SpringApplication.run(SpringApplication.java:1300)
	at org.springframework.boot.SpringApplication.run(SpringApplication.java:1289)
	at ORM.OneToManyExample.Mybatis.Application.main(Application.java:18)
Caused by: org.apache.ibatis.binding.BindingException: Invalid bound statement (not found): ORM.OneToManyExample.Mybatis.StudentMapper.selectAllWithCourses
	at org.apache.ibatis.binding.MapperMethod$SqlCommand.<init>(MapperMethod.java:235)
	at org.apache.ibatis.binding.MapperMethod.<init>(MapperMethod.java:53)
	at org.apache.ibatis.binding.MapperProxy.lambda$cachedInvoker$0(MapperProxy.java:108)
	at java.util.concurrent.ConcurrentHashMap.computeIfAbsent(ConcurrentHashMap.java:1660)
	at org.apache.ibatis.util.MapUtil.computeIfAbsent(MapUtil.java:35)
	at org.apache.ibatis.binding.MapperProxy.cachedInvoker(MapperProxy.java:95)
	at org.apache.ibatis.binding.MapperProxy.invoke(MapperProxy.java:86)
	at com.sun.proxy.$Proxy79.selectAllWithCourses(Unknown Source)
	at ORM.OneToManyExample.Mybatis.StudentService.findAllWithCourses(StudentService.java:18)
	at ORM.OneToManyExample.Mybatis.StudentService$$FastClassBySpringCGLIB$$b1bc515.invoke(<generated>)
	at org.springframework.cglib.proxy.MethodProxy.invoke(MethodProxy.java:218)
	at org.springframework.aop.framework.CglibAopProxy$CglibMethodInvocation.invokeJoinpoint(CglibAopProxy.java:792)
	at org.springframework.aop.framework.ReflectiveMethodInvocation.proceed(ReflectiveMethodInvocation.java:163)
	at org.springframework.aop.framework.CglibAopProxy$CglibMethodInvocation.proceed(CglibAopProxy.java:762)
	at org.springframework.transaction.interceptor.TransactionInterceptor$1.proceedWithInvocation(TransactionInterceptor.java:123)
	at org.springframework.transaction.interceptor.TransactionAspectSupport.invokeWithinTransaction(TransactionAspectSupport.java:388)
	at org.springframework.transaction.interceptor.TransactionInterceptor.invoke(TransactionInterceptor.java:119)
	at org.springframework.aop.framework.ReflectiveMethodInvocation.proceed(ReflectiveMethodInvocation.java:186)
	at org.springframework.aop.framework.CglibAopProxy$CglibMethodInvocation.proceed(CglibAopProxy.java:762)
	at org.springframework.aop.framework.CglibAopProxy$DynamicAdvisedInterceptor.intercept(CglibAopProxy.java:707)
	at ORM.OneToManyExample.Mybatis.StudentService$$EnhancerBySpringCGLIB$$23a7b68c.findAllWithCourses(<generated>)
	at ORM.OneToManyExample.Mybatis.Application.run(Application.java:24)
	at ORM.OneToManyExample.Mybatis.Application$$FastClassBySpringCGLIB$$f8f54215.invoke(<generated>)
	at org.springframework.cglib.proxy.MethodProxy.invoke(MethodProxy.java:218)
	at org.springframework.aop.framework.CglibAopProxy$CglibMethodInvocation.invokeJoinpoint(CglibAopProxy.java:792)
	at org.springframework.aop.framework.ReflectiveMethodInvocation.proceed(ReflectiveMethodInvocation.java:163)
	at org.springframework.aop.framework.CglibAopProxy$CglibMethodInvocation.proceed(CglibAopProxy.java:762)
	at org.springframework.transaction.interceptor.TransactionInterceptor$1.proceedWithInvocation(TransactionInterceptor.java:123)
	at org.springframework.transaction.interceptor.TransactionAspectSupport.invokeWithinTransaction(TransactionAspectSupport.java:388)
	at org.springframework.transaction.interceptor.TransactionInterceptor.invoke(TransactionInterceptor.java:119)
	at org.springframework.aop.framework.ReflectiveMethodInvocation.proceed(ReflectiveMethodInvocation.java:186)
	at org.springframework.aop.framework.CglibAopProxy$CglibMethodInvocation.proceed(CglibAopProxy.java:762)
	at org.springframework.aop.framework.CglibAopProxy$DynamicAdvisedInterceptor.intercept(CglibAopProxy.java:707)
	at ORM.OneToManyExample.Mybatis.Application$$EnhancerBySpringCGLIB$$7c63445.run(<generated>)
	at org.springframework.boot.SpringApplication.callRunner(SpringApplication.java:765)
	... 14 common frames omitted
2026-03-10 17:24:20.915 [main] INFO  o.s.o.j.LocalContainerEntityManagerFactoryBean - Closing JPA EntityManagerFactory for persistence unit 'default'
2026-03-10 17:24:20.916 [main] INFO  com.zaxxer.hikari.HikariDataSource - HikariPool-1 - Shutdown initiated...
2026-03-10 17:24:20.918 [main] INFO  com.zaxxer.hikari.HikariDataSource - HikariPool-1 - Shutdown completed.
2026-03-10 17:31:42.707 [main] INFO  O.O.Mybatis.Application - Starting Application using Java 1.8.0_212 on kaq with PID 21708 (D:\JavaCodeExercise\MavenProject\target\classes started by l1597 in D:\JavaCodeExercise\MavenProject)
2026-03-10 17:31:42.709 [main] INFO  O.O.Mybatis.Application - No active profile set, falling back to 1 default profile: "default"
2026-03-10 17:31:42.992 [main] INFO  o.s.d.r.c.RepositoryConfigurationDelegate - Bootstrapping Spring Data JPA repositories in DEFAULT mode.
2026-03-10 17:31:42.999 [main] INFO  o.s.d.r.c.RepositoryConfigurationDelegate - Finished Spring Data repository scanning in 2 ms. Found 0 JPA repository interfaces.
2026-03-10 17:31:43.202 [main] INFO  o.s.b.w.e.tomcat.TomcatWebServer - Tomcat initialized with port(s): 8080 (http)
2026-03-10 17:31:43.206 [main] INFO  o.a.coyote.http11.Http11NioProtocol - Initializing ProtocolHandler ["http-nio-8080"]
2026-03-10 17:31:43.207 [main] INFO  o.a.catalina.core.StandardService - Starting service [Tomcat]
2026-03-10 17:31:43.207 [main] INFO  o.a.catalina.core.StandardEngine - Starting Servlet engine: [Apache Tomcat/9.0.83]
2026-03-10 17:31:43.280 [main] INFO  o.a.c.c.C.[Tomcat].[localhost].[/] - Initializing Spring embedded WebApplicationContext
2026-03-10 17:31:43.280 [main] INFO  o.s.b.w.s.c.ServletWebServerApplicationContext - Root WebApplicationContext: initialization completed in 548 ms
2026-03-10 17:31:43.357 [main] INFO  o.h.jpa.internal.util.LogHelper - HHH000204: Processing PersistenceUnitInfo [name: default]
2026-03-10 17:31:43.373 [main] INFO  org.hibernate.Version - HHH000412: Hibernate ORM core version 5.6.15.Final
2026-03-10 17:31:43.430 [main] INFO  o.h.annotations.common.Version - HCANN000001: Hibernate Commons Annotations {5.1.2.Final}
2026-03-10 17:31:43.530 [main] INFO  com.zaxxer.hikari.HikariDataSource - HikariPool-1 - Starting...
2026-03-10 17:31:43.583 [main] INFO  com.zaxxer.hikari.HikariDataSource - HikariPool-1 - Start completed.
2026-03-10 17:31:43.588 [main] INFO  org.hibernate.dialect.Dialect - HHH000400: Using dialect: org.hibernate.dialect.MySQL8Dialect
2026-03-10 17:31:43.674 [main] INFO  o.h.e.t.j.p.i.JtaPlatformInitiator - HHH000490: Using JtaPlatform implementation: [org.hibernate.engine.transaction.jta.platform.internal.NoJtaPlatform]
2026-03-10 17:31:43.679 [main] INFO  o.s.o.j.LocalContainerEntityManagerFactoryBean - Initialized JPA EntityManagerFactory for persistence unit 'default'
2026-03-10 17:31:43.758 [main] WARN  o.s.b.a.o.j.JpaBaseConfiguration$JpaWebConfiguration - spring.jpa.open-in-view is enabled by default. Therefore, database queries may be performed during view rendering. Explicitly configure spring.jpa.open-in-view to disable this warning
2026-03-10 17:31:43.892 [main] INFO  o.a.coyote.http11.Http11NioProtocol - Starting ProtocolHandler ["http-nio-8080"]
2026-03-10 17:31:43.902 [main] INFO  o.s.b.w.e.tomcat.TomcatWebServer - Tomcat started on port(s): 8080 (http) with context path ''
2026-03-10 17:31:43.909 [main] INFO  O.O.Mybatis.Application - Started Application in 1.372 seconds (JVM running for 2.039)
2026-03-10 17:31:43.940 [main] INFO  o.s.b.a.l.ConditionEvaluationReportLoggingListener - 

Error starting ApplicationContext. To display the conditions report re-run your application with 'debug' enabled.
2026-03-10 17:31:43.949 [main] ERROR o.s.boot.SpringApplication - Application run failed
java.lang.IllegalStateException: Failed to execute CommandLineRunner
	at org.springframework.boot.SpringApplication.callRunner(SpringApplication.java:768)
	at org.springframework.boot.SpringApplication.lambda$callRunners$2(SpringApplication.java:749)
	at java.util.stream.ForEachOps$ForEachOp$OfRef.accept(ForEachOps.java:184)
	at java.util.stream.SortedOps$SizedRefSortingSink.end(SortedOps.java:352)
	at java.util.stream.AbstractPipeline.copyInto(AbstractPipeline.java:482)
	at java.util.stream.AbstractPipeline.wrapAndCopyInto(AbstractPipeline.java:471)
	at java.util.stream.ForEachOps$ForEachOp.evaluateSequential(ForEachOps.java:151)
	at java.util.stream.ForEachOps$ForEachOp$OfRef.evaluateSequential(ForEachOps.java:174)
	at java.util.stream.AbstractPipeline.evaluate(AbstractPipeline.java:234)
	at java.util.stream.ReferencePipeline.forEach(ReferencePipeline.java:418)
	at org.springframework.boot.SpringApplication.callRunners(SpringApplication.java:744)
	at org.springframework.boot.SpringApplication.run(SpringApplication.java:315)
	at org.springframework.boot.SpringApplication.run(SpringApplication.java:1300)
	at org.springframework.boot.SpringApplication.run(SpringApplication.java:1289)
	at ORM.OneToManyExample.Mybatis.Application.main(Application.java:18)
Caused by: org.apache.ibatis.binding.BindingException: Invalid bound statement (not found): ORM.OneToManyExample.Mybatis.StudentMapper.selectAllWithCourses
	at org.apache.ibatis.binding.MapperMethod$SqlCommand.<init>(MapperMethod.java:235)
	at org.apache.ibatis.binding.MapperMethod.<init>(MapperMethod.java:53)
	at org.apache.ibatis.binding.MapperProxy.lambda$cachedInvoker$0(MapperProxy.java:108)
	at java.util.concurrent.ConcurrentHashMap.computeIfAbsent(ConcurrentHashMap.java:1660)
	at org.apache.ibatis.util.MapUtil.computeIfAbsent(MapUtil.java:35)
	at org.apache.ibatis.binding.MapperProxy.cachedInvoker(MapperProxy.java:95)
	at org.apache.ibatis.binding.MapperProxy.invoke(MapperProxy.java:86)
	at com.sun.proxy.$Proxy79.selectAllWithCourses(Unknown Source)
	at ORM.OneToManyExample.Mybatis.StudentService.findAllWithCourses(StudentService.java:18)
	at ORM.OneToManyExample.Mybatis.StudentService$$FastClassBySpringCGLIB$$b1bc515.invoke(<generated>)
	at org.springframework.cglib.proxy.MethodProxy.invoke(MethodProxy.java:218)
	at org.springframework.aop.framework.CglibAopProxy$CglibMethodInvocation.invokeJoinpoint(CglibAopProxy.java:792)
	at org.springframework.aop.framework.ReflectiveMethodInvocation.proceed(ReflectiveMethodInvocation.java:163)
	at org.springframework.aop.framework.CglibAopProxy$CglibMethodInvocation.proceed(CglibAopProxy.java:762)
	at org.springframework.transaction.interceptor.TransactionInterceptor$1.proceedWithInvocation(TransactionInterceptor.java:123)
	at org.springframework.transaction.interceptor.TransactionAspectSupport.invokeWithinTransaction(TransactionAspectSupport.java:388)
	at org.springframework.transaction.interceptor.TransactionInterceptor.invoke(TransactionInterceptor.java:119)
	at org.springframework.aop.framework.ReflectiveMethodInvocation.proceed(ReflectiveMethodInvocation.java:186)
	at org.springframework.aop.framework.CglibAopProxy$CglibMethodInvocation.proceed(CglibAopProxy.java:762)
	at org.springframework.aop.framework.CglibAopProxy$DynamicAdvisedInterceptor.intercept(CglibAopProxy.java:707)
	at ORM.OneToManyExample.Mybatis.StudentService$$EnhancerBySpringCGLIB$$23a7b68c.findAllWithCourses(<generated>)
	at ORM.OneToManyExample.Mybatis.Application.run(Application.java:24)
	at ORM.OneToManyExample.Mybatis.Application$$FastClassBySpringCGLIB$$f8f54215.invoke(<generated>)
	at org.springframework.cglib.proxy.MethodProxy.invoke(MethodProxy.java:218)
	at org.springframework.aop.framework.CglibAopProxy$CglibMethodInvocation.invokeJoinpoint(CglibAopProxy.java:792)
	at org.springframework.aop.framework.ReflectiveMethodInvocation.proceed(ReflectiveMethodInvocation.java:163)
	at org.springframework.aop.framework.CglibAopProxy$CglibMethodInvocation.proceed(CglibAopProxy.java:762)
	at org.springframework.transaction.interceptor.TransactionInterceptor$1.proceedWithInvocation(TransactionInterceptor.java:123)
	at org.springframework.transaction.interceptor.TransactionAspectSupport.invokeWithinTransaction(TransactionAspectSupport.java:388)
	at org.springframework.transaction.interceptor.TransactionInterceptor.invoke(TransactionInterceptor.java:119)
	at org.springframework.aop.framework.ReflectiveMethodInvocation.proceed(ReflectiveMethodInvocation.java:186)
	at org.springframework.aop.framework.CglibAopProxy$CglibMethodInvocation.proceed(CglibAopProxy.java:762)
	at org.springframework.aop.framework.CglibAopProxy$DynamicAdvisedInterceptor.intercept(CglibAopProxy.java:707)
	at ORM.OneToManyExample.Mybatis.Application$$EnhancerBySpringCGLIB$$7c63445.run(<generated>)
	at org.springframework.boot.SpringApplication.callRunner(SpringApplication.java:765)
	... 14 common frames omitted
2026-03-10 17:31:44.053 [main] INFO  o.s.o.j.LocalContainerEntityManagerFactoryBean - Closing JPA EntityManagerFactory for persistence unit 'default'
2026-03-10 17:31:44.054 [main] INFO  com.zaxxer.hikari.HikariDataSource - HikariPool-1 - Shutdown initiated...
2026-03-10 17:31:44.057 [main] INFO  com.zaxxer.hikari.HikariDataSource - HikariPool-1 - Shutdown completed.
2026-03-10 17:34:03.272 [main] INFO  O.O.Mybatis.Application - Starting Application using Java 1.8.0_212 on kaq with PID 36232 (D:\JavaCodeExercise\MavenProject\target\classes started by l1597 in D:\JavaCodeExercise\MavenProject)
2026-03-10 17:34:03.273 [main] INFO  O.O.Mybatis.Application - No active profile set, falling back to 1 default profile: "default"
2026-03-10 17:34:03.554 [main] INFO  o.s.d.r.c.RepositoryConfigurationDelegate - Bootstrapping Spring Data JPA repositories in DEFAULT mode.
2026-03-10 17:34:03.560 [main] INFO  o.s.d.r.c.RepositoryConfigurationDelegate - Finished Spring Data repository scanning in 2 ms. Found 0 JPA repository interfaces.
2026-03-10 17:34:03.778 [main] INFO  o.s.b.w.e.tomcat.TomcatWebServer - Tomcat initialized with port(s): 8080 (http)
2026-03-10 17:34:03.781 [main] INFO  o.a.coyote.http11.Http11NioProtocol - Initializing ProtocolHandler ["http-nio-8080"]
2026-03-10 17:34:03.782 [main] INFO  o.a.catalina.core.StandardService - Starting service [Tomcat]
2026-03-10 17:34:03.782 [main] INFO  o.a.catalina.core.StandardEngine - Starting Servlet engine: [Apache Tomcat/9.0.83]
2026-03-10 17:34:03.863 [main] INFO  o.a.c.c.C.[Tomcat].[localhost].[/] - Initializing Spring embedded WebApplicationContext
2026-03-10 17:34:03.863 [main] INFO  o.s.b.w.s.c.ServletWebServerApplicationContext - Root WebApplicationContext: initialization completed in 565 ms
2026-03-10 17:34:03.934 [main] INFO  o.h.jpa.internal.util.LogHelper - HHH000204: Processing PersistenceUnitInfo [name: default]
2026-03-10 17:34:03.949 [main] INFO  org.hibernate.Version - HHH000412: Hibernate ORM core version 5.6.15.Final
2026-03-10 17:34:04.001 [main] INFO  o.h.annotations.common.Version - HCANN000001: Hibernate Commons Annotations {5.1.2.Final}
2026-03-10 17:34:04.084 [main] INFO  com.zaxxer.hikari.HikariDataSource - HikariPool-1 - Starting...
2026-03-10 17:34:04.140 [main] INFO  com.zaxxer.hikari.HikariDataSource - HikariPool-1 - Start completed.
2026-03-10 17:34:04.145 [main] INFO  org.hibernate.dialect.Dialect - HHH000400: Using dialect: org.hibernate.dialect.MySQL8Dialect
2026-03-10 17:34:04.230 [main] INFO  o.h.e.t.j.p.i.JtaPlatformInitiator - HHH000490: Using JtaPlatform implementation: [org.hibernate.engine.transaction.jta.platform.internal.NoJtaPlatform]
2026-03-10 17:34:04.237 [main] INFO  o.s.o.j.LocalContainerEntityManagerFactoryBean - Initialized JPA EntityManagerFactory for persistence unit 'default'
2026-03-10 17:34:04.415 [main] WARN  o.s.b.a.o.j.JpaBaseConfiguration$JpaWebConfiguration - spring.jpa.open-in-view is enabled by default. Therefore, database queries may be performed during view rendering. Explicitly configure spring.jpa.open-in-view to disable this warning
2026-03-10 17:34:04.557 [main] INFO  o.a.coyote.http11.Http11NioProtocol - Starting ProtocolHandler ["http-nio-8080"]
2026-03-10 17:34:04.566 [main] INFO  o.s.b.w.e.tomcat.TomcatWebServer - Tomcat started on port(s): 8080 (http) with context path ''
2026-03-10 17:34:04.571 [main] INFO  O.O.Mybatis.Application - Started Application in 1.495 seconds (JVM running for 1.999)
2026-03-10 17:34:04.604 [main] INFO  o.s.b.a.l.ConditionEvaluationReportLoggingListener - 

Error starting ApplicationContext. To display the conditions report re-run your application with 'debug' enabled.
2026-03-10 17:34:04.614 [main] ERROR o.s.boot.SpringApplication - Application run failed
java.lang.IllegalStateException: Failed to execute CommandLineRunner
	at org.springframework.boot.SpringApplication.callRunner(SpringApplication.java:768)
	at org.springframework.boot.SpringApplication.lambda$callRunners$2(SpringApplication.java:749)
	at java.util.stream.ForEachOps$ForEachOp$OfRef.accept(ForEachOps.java:184)
	at java.util.stream.SortedOps$SizedRefSortingSink.end(SortedOps.java:352)
	at java.util.stream.AbstractPipeline.copyInto(AbstractPipeline.java:482)
	at java.util.stream.AbstractPipeline.wrapAndCopyInto(AbstractPipeline.java:471)
	at java.util.stream.ForEachOps$ForEachOp.evaluateSequential(ForEachOps.java:151)
	at java.util.stream.ForEachOps$ForEachOp$OfRef.evaluateSequential(ForEachOps.java:174)
	at java.util.stream.AbstractPipeline.evaluate(AbstractPipeline.java:234)
	at java.util.stream.ReferencePipeline.forEach(ReferencePipeline.java:418)
	at org.springframework.boot.SpringApplication.callRunners(SpringApplication.java:744)
	at org.springframework.boot.SpringApplication.run(SpringApplication.java:315)
	at org.springframework.boot.SpringApplication.run(SpringApplication.java:1300)
	at org.springframework.boot.SpringApplication.run(SpringApplication.java:1289)
	at ORM.OneToManyExample.Mybatis.Application.main(Application.java:18)
Caused by: org.apache.ibatis.binding.BindingException: Invalid bound statement (not found): ORM.OneToManyExample.Mybatis.StudentMapper.selectAllWithCourses
	at org.apache.ibatis.binding.MapperMethod$SqlCommand.<init>(MapperMethod.java:235)
	at org.apache.ibatis.binding.MapperMethod.<init>(MapperMethod.java:53)
	at org.apache.ibatis.binding.MapperProxy.lambda$cachedInvoker$0(MapperProxy.java:108)
	at java.util.concurrent.ConcurrentHashMap.computeIfAbsent(ConcurrentHashMap.java:1660)
	at org.apache.ibatis.util.MapUtil.computeIfAbsent(MapUtil.java:35)
	at org.apache.ibatis.binding.MapperProxy.cachedInvoker(MapperProxy.java:95)
	at org.apache.ibatis.binding.MapperProxy.invoke(MapperProxy.java:86)
	at com.sun.proxy.$Proxy81.selectAllWithCourses(Unknown Source)
	at ORM.OneToManyExample.Mybatis.StudentService.findAllWithCourses(StudentService.java:18)
	at ORM.OneToManyExample.Mybatis.StudentService$$FastClassBySpringCGLIB$$b1bc515.invoke(<generated>)
	at org.springframework.cglib.proxy.MethodProxy.invoke(MethodProxy.java:218)
	at org.springframework.aop.framework.CglibAopProxy$CglibMethodInvocation.invokeJoinpoint(CglibAopProxy.java:792)
	at org.springframework.aop.framework.ReflectiveMethodInvocation.proceed(ReflectiveMethodInvocation.java:163)
	at org.springframework.aop.framework.CglibAopProxy$CglibMethodInvocation.proceed(CglibAopProxy.java:762)
	at org.springframework.transaction.interceptor.TransactionInterceptor$1.proceedWithInvocation(TransactionInterceptor.java:123)
	at org.springframework.transaction.interceptor.TransactionAspectSupport.invokeWithinTransaction(TransactionAspectSupport.java:388)
	at org.springframework.transaction.interceptor.TransactionInterceptor.invoke(TransactionInterceptor.java:119)
	at org.springframework.aop.framework.ReflectiveMethodInvocation.proceed(ReflectiveMethodInvocation.java:186)
	at org.springframework.aop.framework.CglibAopProxy$CglibMethodInvocation.proceed(CglibAopProxy.java:762)
	at org.springframework.aop.framework.CglibAopProxy$DynamicAdvisedInterceptor.intercept(CglibAopProxy.java:707)
	at ORM.OneToManyExample.Mybatis.StudentService$$EnhancerBySpringCGLIB$$23a7b68c.findAllWithCourses(<generated>)
	at ORM.OneToManyExample.Mybatis.Application.run(Application.java:24)
	at ORM.OneToManyExample.Mybatis.Application$$FastClassBySpringCGLIB$$f8f54215.invoke(<generated>)
	at org.springframework.cglib.proxy.MethodProxy.invoke(MethodProxy.java:218)
	at org.springframework.aop.framework.CglibAopProxy$CglibMethodInvocation.invokeJoinpoint(CglibAopProxy.java:792)
	at org.springframework.aop.framework.ReflectiveMethodInvocation.proceed(ReflectiveMethodInvocation.java:163)
	at org.springframework.aop.framework.CglibAopProxy$CglibMethodInvocation.proceed(CglibAopProxy.java:762)
	at org.springframework.transaction.interceptor.TransactionInterceptor$1.proceedWithInvocation(TransactionInterceptor.java:123)
	at org.springframework.transaction.interceptor.TransactionAspectSupport.invokeWithinTransaction(TransactionAspectSupport.java:388)
	at org.springframework.transaction.interceptor.TransactionInterceptor.invoke(TransactionInterceptor.java:119)
	at org.springframework.aop.framework.ReflectiveMethodInvocation.proceed(ReflectiveMethodInvocation.java:186)
	at org.springframework.aop.framework.CglibAopProxy$CglibMethodInvocation.proceed(CglibAopProxy.java:762)
	at org.springframework.aop.framework.CglibAopProxy$DynamicAdvisedInterceptor.intercept(CglibAopProxy.java:707)
	at ORM.OneToManyExample.Mybatis.Application$$EnhancerBySpringCGLIB$$7c63445.run(<generated>)
	at org.springframework.boot.SpringApplication.callRunner(SpringApplication.java:765)
	... 14 common frames omitted
2026-03-10 17:34:04.721 [main] INFO  o.s.o.j.LocalContainerEntityManagerFactoryBean - Closing JPA EntityManagerFactory for persistence unit 'default'
2026-03-10 17:34:04.721 [main] INFO  com.zaxxer.hikari.HikariDataSource - HikariPool-1 - Shutdown initiated...
2026-03-10 17:34:04.725 [main] INFO  com.zaxxer.hikari.HikariDataSource - HikariPool-1 - Shutdown completed.
2026-03-10 20:13:09.111 [main] INFO  O.O.Mybatis.Application - Starting Application using Java 1.8.0_212 on kaq with PID 43368 (D:\JavaCodeExercise\MavenProject\target\classes started by l1597 in D:\JavaCodeExercise\MavenProject)
2026-03-10 20:13:09.113 [main] INFO  O.O.Mybatis.Application - No active profile set, falling back to 1 default profile: "default"
2026-03-10 20:13:09.548 [main] INFO  o.s.d.r.c.RepositoryConfigurationDelegate - Bootstrapping Spring Data JPA repositories in DEFAULT mode.
2026-03-10 20:13:09.557 [main] INFO  o.s.d.r.c.RepositoryConfigurationDelegate - Finished Spring Data repository scanning in 3 ms. Found 0 JPA repository interfaces.
2026-03-10 20:13:09.851 [main] INFO  o.s.b.w.e.tomcat.TomcatWebServer - Tomcat initialized with port(s): 8080 (http)
2026-03-10 20:13:09.856 [main] INFO  o.a.coyote.http11.Http11NioProtocol - Initializing ProtocolHandler ["http-nio-8080"]
2026-03-10 20:13:09.856 [main] INFO  o.a.catalina.core.StandardService - Starting service [Tomcat]
2026-03-10 20:13:09.856 [main] INFO  o.a.catalina.core.StandardEngine - Starting Servlet engine: [Apache Tomcat/9.0.83]
2026-03-10 20:13:09.974 [main] INFO  o.a.c.c.C.[Tomcat].[localhost].[/] - Initializing Spring embedded WebApplicationContext
2026-03-10 20:13:09.974 [main] INFO  o.s.b.w.s.c.ServletWebServerApplicationContext - Root WebApplicationContext: initialization completed in 830 ms
2026-03-10 20:13:10.084 [main] INFO  o.h.jpa.internal.util.LogHelper - HHH000204: Processing PersistenceUnitInfo [name: default]
2026-03-10 20:13:10.113 [main] INFO  org.hibernate.Version - HHH000412: Hibernate ORM core version 5.6.15.Final
2026-03-10 20:13:10.205 [main] INFO  o.h.annotations.common.Version - HCANN000001: Hibernate Commons Annotations {5.1.2.Final}
2026-03-10 20:13:10.331 [main] INFO  com.zaxxer.hikari.HikariDataSource - HikariPool-1 - Starting...
2026-03-10 20:13:10.412 [main] INFO  com.zaxxer.hikari.HikariDataSource - HikariPool-1 - Start completed.
2026-03-10 20:13:10.422 [main] INFO  org.hibernate.dialect.Dialect - HHH000400: Using dialect: org.hibernate.dialect.MySQL8Dialect
2026-03-10 20:13:10.545 [main] INFO  o.h.e.t.j.p.i.JtaPlatformInitiator - HHH000490: Using JtaPlatform implementation: [org.hibernate.engine.transaction.jta.platform.internal.NoJtaPlatform]
2026-03-10 20:13:10.555 [main] INFO  o.s.o.j.LocalContainerEntityManagerFactoryBean - Initialized JPA EntityManagerFactory for persistence unit 'default'
2026-03-10 20:13:10.618 [main] WARN  o.s.b.w.s.c.AnnotationConfigServletWebServerApplicationContext - Exception encountered during context initialization - cancelling refresh attempt: org.springframework.beans.factory.UnsatisfiedDependencyException: Error creating bean with name 'application': Unsatisfied dependency expressed through field 'studentService'; nested exception is org.springframework.beans.factory.UnsatisfiedDependencyException: Error creating bean with name 'studentService' defined in file [D:\JavaCodeExercise\MavenProject\target\classes\ORM\OneToManyExample\Mybatis\StudentService.class]: Unsatisfied dependency expressed through constructor parameter 0; nested exception is org.springframework.beans.factory.BeanCreationException: Error creating bean with name 'studentMapper' defined in file [D:\JavaCodeExercise\MavenProject\target\classes\ORM\OneToManyExample\Mybatis\StudentMapper.class]: Cannot resolve reference to bean 'sqlSessionTemplate' while setting bean property 'sqlSessionTemplate'; nested exception is org.springframework.beans.factory.UnsatisfiedDependencyException: Error creating bean with name 'sqlSessionTemplate' defined in class path resource [org/mybatis/spring/boot/autoconfigure/MybatisAutoConfiguration.class]: Unsatisfied dependency expressed through method 'sqlSessionTemplate' parameter 0; nested exception is org.springframework.beans.factory.BeanCreationException: Error creating bean with name 'sqlSessionFactory' defined in class path resource [org/mybatis/spring/boot/autoconfigure/MybatisAutoConfiguration.class]: Bean instantiation via factory method failed; nested exception is org.springframework.beans.BeanInstantiationException: Failed to instantiate [org.apache.ibatis.session.SqlSessionFactory]: Factory method 'sqlSessionFactory' threw exception; nested exception is java.io.IOException: Failed to parse mapping resource: 'class path resource [ORM/OneToManyExample/Mybatis/StudentMapper.xml]'
2026-03-10 20:13:10.620 [main] INFO  o.s.o.j.LocalContainerEntityManagerFactoryBean - Closing JPA EntityManagerFactory for persistence unit 'default'
2026-03-10 20:13:10.620 [main] INFO  com.zaxxer.hikari.HikariDataSource - HikariPool-1 - Shutdown initiated...
2026-03-10 20:13:10.625 [main] INFO  com.zaxxer.hikari.HikariDataSource - HikariPool-1 - Shutdown completed.
2026-03-10 20:13:10.626 [main] INFO  o.a.catalina.core.StandardService - Stopping service [Tomcat]
2026-03-10 20:13:10.632 [main] INFO  o.s.b.a.l.ConditionEvaluationReportLoggingListener - 

Error starting ApplicationContext. To display the conditions report re-run your application with 'debug' enabled.
2026-03-10 20:13:10.648 [main] ERROR o.s.boot.SpringApplication - Application run failed
org.springframework.beans.factory.UnsatisfiedDependencyException: Error creating bean with name 'application': Unsatisfied dependency expressed through field 'studentService'; nested exception is org.springframework.beans.factory.UnsatisfiedDependencyException: Error creating bean with name 'studentService' defined in file [D:\JavaCodeExercise\MavenProject\target\classes\ORM\OneToManyExample\Mybatis\StudentService.class]: Unsatisfied dependency expressed through constructor parameter 0; nested exception is org.springframework.beans.factory.BeanCreationException: Error creating bean with name 'studentMapper' defined in file [D:\JavaCodeExercise\MavenProject\target\classes\ORM\OneToManyExample\Mybatis\StudentMapper.class]: Cannot resolve reference to bean 'sqlSessionTemplate' while setting bean property 'sqlSessionTemplate'; nested exception is org.springframework.beans.factory.UnsatisfiedDependencyException: Error creating bean with name 'sqlSessionTemplate' defined in class path resource [org/mybatis/spring/boot/autoconfigure/MybatisAutoConfiguration.class]: Unsatisfied dependency expressed through method 'sqlSessionTemplate' parameter 0; nested exception is org.springframework.beans.factory.BeanCreationException: Error creating bean with name 'sqlSessionFactory' defined in class path resource [org/mybatis/spring/boot/autoconfigure/MybatisAutoConfiguration.class]: Bean instantiation via factory method failed; nested exception is org.springframework.beans.BeanInstantiationException: Failed to instantiate [org.apache.ibatis.session.SqlSessionFactory]: Factory method 'sqlSessionFactory' threw exception; nested exception is java.io.IOException: Failed to parse mapping resource: 'class path resource [ORM/OneToManyExample/Mybatis/StudentMapper.xml]'
	at org.springframework.beans.factory.annotation.AutowiredAnnotationBeanPostProcessor$AutowiredFieldElement.resolveFieldValue(AutowiredAnnotationBeanPostProcessor.java:713)
	at org.springframework.beans.factory.annotation.AutowiredAnnotationBeanPostProcessor$AutowiredFieldElement.inject(AutowiredAnnotationBeanPostProcessor.java:693)
	at org.springframework.beans.factory.annotation.InjectionMetadata.inject(InjectionMetadata.java:119)
	at org.springframework.beans.factory.annotation.AutowiredAnnotationBeanPostProcessor.postProcessProperties(AutowiredAnnotationBeanPostProcessor.java:408)
	at org.springframework.beans.factory.support.AbstractAutowireCapableBeanFactory.populateBean(AbstractAutowireCapableBeanFactory.java:1431)
	at org.springframework.beans.factory.support.AbstractAutowireCapableBeanFactory.doCreateBean(AbstractAutowireCapableBeanFactory.java:619)
	at org.springframework.beans.factory.support.AbstractAutowireCapableBeanFactory.createBean(AbstractAutowireCapableBeanFactory.java:542)
	at org.springframework.beans.factory.support.AbstractBeanFactory.lambda$doGetBean$0(AbstractBeanFactory.java:335)
	at org.springframework.beans.factory.support.DefaultSingletonBeanRegistry.getSingleton(DefaultSingletonBeanRegistry.java:234)
	at org.springframework.beans.factory.support.AbstractBeanFactory.doGetBean(AbstractBeanFactory.java:333)
	at org.springframework.beans.factory.support.AbstractBeanFactory.getBean(AbstractBeanFactory.java:208)
	at org.springframework.beans.factory.support.DefaultListableBeanFactory.preInstantiateSingletons(DefaultListableBeanFactory.java:955)
	at org.springframework.context.support.AbstractApplicationContext.finishBeanFactoryInitialization(AbstractApplicationContext.java:929)
	at org.springframework.context.support.AbstractApplicationContext.refresh(AbstractApplicationContext.java:591)
	at org.springframework.boot.web.servlet.context.ServletWebServerApplicationContext.refresh(ServletWebServerApplicationContext.java:147)
	at org.springframework.boot.SpringApplication.refresh(SpringApplication.java:732)
	at org.springframework.boot.SpringApplication.refreshContext(SpringApplication.java:409)
	at org.springframework.boot.SpringApplication.run(SpringApplication.java:308)
	at org.springframework.boot.SpringApplication.run(SpringApplication.java:1300)
	at org.springframework.boot.SpringApplication.run(SpringApplication.java:1289)
	at ORM.OneToManyExample.Mybatis.Application.main(Application.java:18)
Caused by: org.springframework.beans.factory.UnsatisfiedDependencyException: Error creating bean with name 'studentService' defined in file [D:\JavaCodeExercise\MavenProject\target\classes\ORM\OneToManyExample\Mybatis\StudentService.class]: Unsatisfied dependency expressed through constructor parameter 0; nested exception is org.springframework.beans.factory.BeanCreationException: Error creating bean with name 'studentMapper' defined in file [D:\JavaCodeExercise\MavenProject\target\classes\ORM\OneToManyExample\Mybatis\StudentMapper.class]: Cannot resolve reference to bean 'sqlSessionTemplate' while setting bean property 'sqlSessionTemplate'; nested exception is org.springframework.beans.factory.UnsatisfiedDependencyException: Error creating bean with name 'sqlSessionTemplate' defined in class path resource [org/mybatis/spring/boot/autoconfigure/MybatisAutoConfiguration.class]: Unsatisfied dependency expressed through method 'sqlSessionTemplate' parameter 0; nested exception is org.springframework.beans.factory.BeanCreationException: Error creating bean with name 'sqlSessionFactory' defined in class path resource [org/mybatis/spring/boot/autoconfigure/MybatisAutoConfiguration.class]: Bean instantiation via factory method failed; nested exception is org.springframework.beans.BeanInstantiationException: Failed to instantiate [org.apache.ibatis.session.SqlSessionFactory]: Factory method 'sqlSessionFactory' threw exception; nested exception is java.io.IOException: Failed to parse mapping resource: 'class path resource [ORM/OneToManyExample/Mybatis/StudentMapper.xml]'
	at org.springframework.beans.factory.support.ConstructorResolver.createArgumentArray(ConstructorResolver.java:801)
	at org.springframework.beans.factory.support.ConstructorResolver.autowireConstructor(ConstructorResolver.java:224)
	at org.springframework.beans.factory.support.AbstractAutowireCapableBeanFactory.autowireConstructor(AbstractAutowireCapableBeanFactory.java:1372)
	at org.springframework.beans.factory.support.AbstractAutowireCapableBeanFactory.createBeanInstance(AbstractAutowireCapableBeanFactory.java:1222)
	at org.springframework.beans.factory.support.AbstractAutowireCapableBeanFactory.doCreateBean(AbstractAutowireCapableBeanFactory.java:582)
	at org.springframework.beans.factory.support.AbstractAutowireCapableBeanFactory.createBean(AbstractAutowireCapableBeanFactory.java:542)
	at org.springframework.beans.factory.support.AbstractBeanFactory.lambda$doGetBean$0(AbstractBeanFactory.java:335)
	at org.springframework.beans.factory.support.DefaultSingletonBeanRegistry.getSingleton(DefaultSingletonBeanRegistry.java:234)
	at org.springframework.beans.factory.support.AbstractBeanFactory.doGetBean(AbstractBeanFactory.java:333)
	at org.springframework.beans.factory.support.AbstractBeanFactory.getBean(AbstractBeanFactory.java:208)
	at org.springframework.beans.factory.config.DependencyDescriptor.resolveCandidate(DependencyDescriptor.java:276)
	at org.springframework.beans.factory.support.DefaultListableBeanFactory.doResolveDependency(DefaultListableBeanFactory.java:1391)
	at org.springframework.beans.factory.support.DefaultListableBeanFactory.resolveDependency(DefaultListableBeanFactory.java:1311)
	at org.springframework.beans.factory.annotation.AutowiredAnnotationBeanPostProcessor$AutowiredFieldElement.resolveFieldValue(AutowiredAnnotationBeanPostProcessor.java:710)
	... 20 common frames omitted
Caused by: org.springframework.beans.factory.BeanCreationException: Error creating bean with name 'studentMapper' defined in file [D:\JavaCodeExercise\MavenProject\target\classes\ORM\OneToManyExample\Mybatis\StudentMapper.class]: Cannot resolve reference to bean 'sqlSessionTemplate' while setting bean property 'sqlSessionTemplate'; nested exception is org.springframework.beans.factory.UnsatisfiedDependencyException: Error creating bean with name 'sqlSessionTemplate' defined in class path resource [org/mybatis/spring/boot/autoconfigure/MybatisAutoConfiguration.class]: Unsatisfied dependency expressed through method 'sqlSessionTemplate' parameter 0; nested exception is org.springframework.beans.factory.BeanCreationException: Error creating bean with name 'sqlSessionFactory' defined in class path resource [org/mybatis/spring/boot/autoconfigure/MybatisAutoConfiguration.class]: Bean instantiation via factory method failed; nested exception is org.springframework.beans.BeanInstantiationException: Failed to instantiate [org.apache.ibatis.session.SqlSessionFactory]: Factory method 'sqlSessionFactory' threw exception; nested exception is java.io.IOException: Failed to parse mapping resource: 'class path resource [ORM/OneToManyExample/Mybatis/StudentMapper.xml]'
	at org.springframework.beans.factory.support.BeanDefinitionValueResolver.resolveReference(BeanDefinitionValueResolver.java:342)
	at org.springframework.beans.factory.support.BeanDefinitionValueResolver.resolveValueIfNecessary(BeanDefinitionValueResolver.java:113)
	at org.springframework.beans.factory.support.AbstractAutowireCapableBeanFactory.applyPropertyValues(AbstractAutowireCapableBeanFactory.java:1707)
	at org.springframework.beans.factory.support.AbstractAutowireCapableBeanFactory.populateBean(AbstractAutowireCapableBeanFactory.java:1452)
	at org.springframework.beans.factory.support.AbstractAutowireCapableBeanFactory.doCreateBean(AbstractAutowireCapableBeanFactory.java:619)
	at org.springframework.beans.factory.support.AbstractAutowireCapableBeanFactory.createBean(AbstractAutowireCapableBeanFactory.java:542)
	at org.springframework.beans.factory.support.AbstractBeanFactory.lambda$doGetBean$0(AbstractBeanFactory.java:335)
	at org.springframework.beans.factory.support.DefaultSingletonBeanRegistry.getSingleton(DefaultSingletonBeanRegistry.java:234)
	at org.springframework.beans.factory.support.AbstractBeanFactory.doGetBean(AbstractBeanFactory.java:333)
	at org.springframework.beans.factory.support.AbstractBeanFactory.getBean(AbstractBeanFactory.java:208)
	at org.springframework.beans.factory.config.DependencyDescriptor.resolveCandidate(DependencyDescriptor.java:276)
	at org.springframework.beans.factory.support.DefaultListableBeanFactory.doResolveDependency(DefaultListableBeanFactory.java:1391)
	at org.springframework.beans.factory.support.DefaultListableBeanFactory.resolveDependency(DefaultListableBeanFactory.java:1311)
	at org.springframework.beans.factory.support.ConstructorResolver.resolveAutowiredArgument(ConstructorResolver.java:911)
	at org.springframework.beans.factory.support.ConstructorResolver.createArgumentArray(ConstructorResolver.java:788)
	... 33 common frames omitted
Caused by: org.springframework.beans.factory.UnsatisfiedDependencyException: Error creating bean with name 'sqlSessionTemplate' defined in class path resource [org/mybatis/spring/boot/autoconfigure/MybatisAutoConfiguration.class]: Unsatisfied dependency expressed through method 'sqlSessionTemplate' parameter 0; nested exception is org.springframework.beans.factory.BeanCreationException: Error creating bean with name 'sqlSessionFactory' defined in class path resource [org/mybatis/spring/boot/autoconfigure/MybatisAutoConfiguration.class]: Bean instantiation via factory method failed; nested exception is org.springframework.beans.BeanInstantiationException: Failed to instantiate [org.apache.ibatis.session.SqlSessionFactory]: Factory method 'sqlSessionFactory' threw exception; nested exception is java.io.IOException: Failed to parse mapping resource: 'class path resource [ORM/OneToManyExample/Mybatis/StudentMapper.xml]'
	at org.springframework.beans.factory.support.ConstructorResolver.createArgumentArray(ConstructorResolver.java:801)
	at org.springframework.beans.factory.support.ConstructorResolver.instantiateUsingFactoryMethod(ConstructorResolver.java:536)
	at org.springframework.beans.factory.support.AbstractAutowireCapableBeanFactory.instantiateUsingFactoryMethod(AbstractAutowireCapableBeanFactory.java:1352)
	at org.springframework.beans.factory.support.AbstractAutowireCapableBeanFactory.createBeanInstance(AbstractAutowireCapableBeanFactory.java:1195)
	at org.springframework.beans.factory.support.AbstractAutowireCapableBeanFactory.doCreateBean(AbstractAutowireCapableBeanFactory.java:582)
	at org.springframework.beans.factory.support.AbstractAutowireCapableBeanFactory.createBean(AbstractAutowireCapableBeanFactory.java:542)
	at org.springframework.beans.factory.support.AbstractBeanFactory.lambda$doGetBean$0(AbstractBeanFactory.java:335)
	at org.springframework.beans.factory.support.DefaultSingletonBeanRegistry.getSingleton(DefaultSingletonBeanRegistry.java:234)
	at org.springframework.beans.factory.support.AbstractBeanFactory.doGetBean(AbstractBeanFactory.java:333)
	at org.springframework.beans.factory.support.AbstractBeanFactory.getBean(AbstractBeanFactory.java:208)
	at org.springframework.beans.factory.support.BeanDefinitionValueResolver.resolveReference(BeanDefinitionValueResolver.java:330)
	... 47 common frames omitted
Caused by: org.springframework.beans.factory.BeanCreationException: Error creating bean with name 'sqlSessionFactory' defined in class path resource [org/mybatis/spring/boot/autoconfigure/MybatisAutoConfiguration.class]: Bean instantiation via factory method failed; nested exception is org.springframework.beans.BeanInstantiationException: Failed to instantiate [org.apache.ibatis.session.SqlSessionFactory]: Factory method 'sqlSessionFactory' threw exception; nested exception is java.io.IOException: Failed to parse mapping resource: 'class path resource [ORM/OneToManyExample/Mybatis/StudentMapper.xml]'
	at org.springframework.beans.factory.support.ConstructorResolver.instantiate(ConstructorResolver.java:653)
	at org.springframework.beans.factory.support.ConstructorResolver.instantiateUsingFactoryMethod(ConstructorResolver.java:633)
	at org.springframework.beans.factory.support.AbstractAutowireCapableBeanFactory.instantiateUsingFactoryMethod(AbstractAutowireCapableBeanFactory.java:1352)
	at org.springframework.beans.factory.support.AbstractAutowireCapableBeanFactory.createBeanInstance(AbstractAutowireCapableBeanFactory.java:1195)
	at org.springframework.beans.factory.support.AbstractAutowireCapableBeanFactory.doCreateBean(AbstractAutowireCapableBeanFactory.java:582)
	at org.springframework.beans.factory.support.AbstractAutowireCapableBeanFactory.createBean(AbstractAutowireCapableBeanFactory.java:542)
	at org.springframework.beans.factory.support.AbstractBeanFactory.lambda$doGetBean$0(AbstractBeanFactory.java:335)
	at org.springframework.beans.factory.support.DefaultSingletonBeanRegistry.getSingleton(DefaultSingletonBeanRegistry.java:234)
	at org.springframework.beans.factory.support.AbstractBeanFactory.doGetBean(AbstractBeanFactory.java:333)
	at org.springframework.beans.factory.support.AbstractBeanFactory.getBean(AbstractBeanFactory.java:208)
	at org.springframework.beans.factory.config.DependencyDescriptor.resolveCandidate(DependencyDescriptor.java:276)
	at org.springframework.beans.factory.support.DefaultListableBeanFactory.doResolveDependency(DefaultListableBeanFactory.java:1391)
	at org.springframework.beans.factory.support.DefaultListableBeanFactory.resolveDependency(DefaultListableBeanFactory.java:1311)
	at org.springframework.beans.factory.support.ConstructorResolver.resolveAutowiredArgument(ConstructorResolver.java:911)
	at org.springframework.beans.factory.support.ConstructorResolver.createArgumentArray(ConstructorResolver.java:788)
	... 57 common frames omitted
Caused by: org.springframework.beans.BeanInstantiationException: Failed to instantiate [org.apache.ibatis.session.SqlSessionFactory]: Factory method 'sqlSessionFactory' threw exception; nested exception is java.io.IOException: Failed to parse mapping resource: 'class path resource [ORM/OneToManyExample/Mybatis/StudentMapper.xml]'
	at org.springframework.beans.factory.support.SimpleInstantiationStrategy.instantiate(SimpleInstantiationStrategy.java:185)
	at org.springframework.beans.factory.support.ConstructorResolver.instantiate(ConstructorResolver.java:648)
	... 71 common frames omitted
Caused by: java.io.IOException: Failed to parse mapping resource: 'class path resource [ORM/OneToManyExample/Mybatis/StudentMapper.xml]'
	at org.mybatis.spring.SqlSessionFactoryBean.buildSqlSessionFactory(SqlSessionFactoryBean.java:615)
	at org.mybatis.spring.SqlSessionFactoryBean.afterPropertiesSet(SqlSessionFactoryBean.java:492)
	at org.mybatis.spring.SqlSessionFactoryBean.getObject(SqlSessionFactoryBean.java:635)
	at org.mybatis.spring.boot.autoconfigure.MybatisAutoConfiguration.sqlSessionFactory(MybatisAutoConfiguration.java:187)
	at org.mybatis.spring.boot.autoconfigure.MybatisAutoConfiguration$$EnhancerBySpringCGLIB$$1ebccbf8.CGLIB$sqlSessionFactory$2(<generated>)
	at org.mybatis.spring.boot.autoconfigure.MybatisAutoConfiguration$$EnhancerBySpringCGLIB$$1ebccbf8$$FastClassBySpringCGLIB$$3cb6ae74.invoke(<generated>)
	at org.springframework.cglib.proxy.MethodProxy.invokeSuper(MethodProxy.java:244)
	at org.springframework.context.annotation.ConfigurationClassEnhancer$BeanMethodInterceptor.intercept(ConfigurationClassEnhancer.java:331)
	at org.mybatis.spring.boot.autoconfigure.MybatisAutoConfiguration$$EnhancerBySpringCGLIB$$1ebccbf8.sqlSessionFactory(<generated>)
	at sun.reflect.NativeMethodAccessorImpl.invoke0(Native Method)
	at sun.reflect.NativeMethodAccessorImpl.invoke(NativeMethodAccessorImpl.java:62)
	at sun.reflect.DelegatingMethodAccessorImpl.invoke(DelegatingMethodAccessorImpl.java:43)
	at java.lang.reflect.Method.invoke(Method.java:498)
	at org.springframework.beans.factory.support.SimpleInstantiationStrategy.instantiate(SimpleInstantiationStrategy.java:154)
	... 72 common frames omitted
Caused by: java.io.FileNotFoundException: class path resource [ORM/OneToManyExample/Mybatis/StudentMapper.xml] cannot be opened because it does not exist
	at org.springframework.core.io.ClassPathResource.getInputStream(ClassPathResource.java:203)
	at org.mybatis.spring.SqlSessionFactoryBean.buildSqlSessionFactory(SqlSessionFactoryBean.java:611)
	... 85 common frames omitted
2026-03-10 20:20:19.300 [main] INFO  O.O.Mybatis.Application - Starting Application using Java 1.8.0_212 on kaq with PID 27616 (D:\JavaCodeExercise\MavenProject\target\classes started by l1597 in D:\JavaCodeExercise\MavenProject)
2026-03-10 20:20:19.301 [main] INFO  O.O.Mybatis.Application - No active profile set, falling back to 1 default profile: "default"
2026-03-10 20:20:19.626 [main] INFO  o.s.d.r.c.RepositoryConfigurationDelegate - Bootstrapping Spring Data JPA repositories in DEFAULT mode.
2026-03-10 20:20:19.634 [main] INFO  o.s.d.r.c.RepositoryConfigurationDelegate - Finished Spring Data repository scanning in 2 ms. Found 0 JPA repository interfaces.
2026-03-10 20:20:19.869 [main] INFO  o.s.b.w.e.tomcat.TomcatWebServer - Tomcat initialized with port(s): 8080 (http)
2026-03-10 20:20:19.873 [main] INFO  o.a.coyote.http11.Http11NioProtocol - Initializing ProtocolHandler ["http-nio-8080"]
2026-03-10 20:20:19.874 [main] INFO  o.a.catalina.core.StandardService - Starting service [Tomcat]
2026-03-10 20:20:19.874 [main] INFO  o.a.catalina.core.StandardEngine - Starting Servlet engine: [Apache Tomcat/9.0.83]
2026-03-10 20:20:19.949 [main] INFO  o.a.c.c.C.[Tomcat].[localhost].[/] - Initializing Spring embedded WebApplicationContext
2026-03-10 20:20:19.949 [main] INFO  o.s.b.w.s.c.ServletWebServerApplicationContext - Root WebApplicationContext: initialization completed in 622 ms
2026-03-10 20:20:20.034 [main] INFO  o.h.jpa.internal.util.LogHelper - HHH000204: Processing PersistenceUnitInfo [name: default]
2026-03-10 20:20:20.051 [main] INFO  org.hibernate.Version - HHH000412: Hibernate ORM core version 5.6.15.Final
2026-03-10 20:20:20.111 [main] INFO  o.h.annotations.common.Version - HCANN000001: Hibernate Commons Annotations {5.1.2.Final}
2026-03-10 20:20:20.215 [main] INFO  com.zaxxer.hikari.HikariDataSource - HikariPool-1 - Starting...
2026-03-10 20:20:20.276 [main] INFO  com.zaxxer.hikari.HikariDataSource - HikariPool-1 - Start completed.
2026-03-10 20:20:20.283 [main] INFO  org.hibernate.dialect.Dialect - HHH000400: Using dialect: org.hibernate.dialect.MySQL8Dialect
2026-03-10 20:20:20.382 [main] INFO  o.h.e.t.j.p.i.JtaPlatformInitiator - HHH000490: Using JtaPlatform implementation: [org.hibernate.engine.transaction.jta.platform.internal.NoJtaPlatform]
2026-03-10 20:20:20.389 [main] INFO  o.s.o.j.LocalContainerEntityManagerFactoryBean - Initialized JPA EntityManagerFactory for persistence unit 'default'
2026-03-10 20:20:20.477 [main] WARN  o.s.b.a.o.j.JpaBaseConfiguration$JpaWebConfiguration - spring.jpa.open-in-view is enabled by default. Therefore, database queries may be performed during view rendering. Explicitly configure spring.jpa.open-in-view to disable this warning
2026-03-10 20:20:20.635 [main] INFO  o.a.coyote.http11.Http11NioProtocol - Starting ProtocolHandler ["http-nio-8080"]
2026-03-10 20:20:20.651 [main] INFO  o.s.b.w.e.tomcat.TomcatWebServer - Tomcat started on port(s): 8080 (http) with context path ''
2026-03-10 20:20:20.657 [main] INFO  O.O.Mybatis.Application - Started Application in 1.56 seconds (JVM running for 2.139)
2026-03-10 20:20:20.693 [main] INFO  o.s.b.a.l.ConditionEvaluationReportLoggingListener - 

Error starting ApplicationContext. To display the conditions report re-run your application with 'debug' enabled.
2026-03-10 20:20:20.703 [main] ERROR o.s.boot.SpringApplication - Application run failed
java.lang.IllegalStateException: Failed to execute CommandLineRunner
	at org.springframework.boot.SpringApplication.callRunner(SpringApplication.java:768)
	at org.springframework.boot.SpringApplication.lambda$callRunners$2(SpringApplication.java:749)
	at java.util.stream.ForEachOps$ForEachOp$OfRef.accept(ForEachOps.java:184)
	at java.util.stream.SortedOps$SizedRefSortingSink.end(SortedOps.java:352)
	at java.util.stream.AbstractPipeline.copyInto(AbstractPipeline.java:482)
	at java.util.stream.AbstractPipeline.wrapAndCopyInto(AbstractPipeline.java:471)
	at java.util.stream.ForEachOps$ForEachOp.evaluateSequential(ForEachOps.java:151)
	at java.util.stream.ForEachOps$ForEachOp$OfRef.evaluateSequential(ForEachOps.java:174)
	at java.util.stream.AbstractPipeline.evaluate(AbstractPipeline.java:234)
	at java.util.stream.ReferencePipeline.forEach(ReferencePipeline.java:418)
	at org.springframework.boot.SpringApplication.callRunners(SpringApplication.java:744)
	at org.springframework.boot.SpringApplication.run(SpringApplication.java:315)
	at org.springframework.boot.SpringApplication.run(SpringApplication.java:1300)
	at org.springframework.boot.SpringApplication.run(SpringApplication.java:1289)
	at ORM.OneToManyExample.Mybatis.Application.main(Application.java:18)
Caused by: org.apache.ibatis.binding.BindingException: Invalid bound statement (not found): ORM.OneToManyExample.Mybatis.StudentMapper.selectAllWithCourses
	at org.apache.ibatis.binding.MapperMethod$SqlCommand.<init>(MapperMethod.java:235)
	at org.apache.ibatis.binding.MapperMethod.<init>(MapperMethod.java:53)
	at org.apache.ibatis.binding.MapperProxy.lambda$cachedInvoker$0(MapperProxy.java:108)
	at java.util.concurrent.ConcurrentHashMap.computeIfAbsent(ConcurrentHashMap.java:1660)
	at org.apache.ibatis.util.MapUtil.computeIfAbsent(MapUtil.java:35)
	at org.apache.ibatis.binding.MapperProxy.cachedInvoker(MapperProxy.java:95)
	at org.apache.ibatis.binding.MapperProxy.invoke(MapperProxy.java:86)
	at com.sun.proxy.$Proxy79.selectAllWithCourses(Unknown Source)
	at ORM.OneToManyExample.Mybatis.StudentService.findAllWithCourses(StudentService.java:18)
	at ORM.OneToManyExample.Mybatis.StudentService$$FastClassBySpringCGLIB$$b1bc515.invoke(<generated>)
	at org.springframework.cglib.proxy.MethodProxy.invoke(MethodProxy.java:218)
	at org.springframework.aop.framework.CglibAopProxy$CglibMethodInvocation.invokeJoinpoint(CglibAopProxy.java:792)
	at org.springframework.aop.framework.ReflectiveMethodInvocation.proceed(ReflectiveMethodInvocation.java:163)
	at org.springframework.aop.framework.CglibAopProxy$CglibMethodInvocation.proceed(CglibAopProxy.java:762)
	at org.springframework.transaction.interceptor.TransactionInterceptor$1.proceedWithInvocation(TransactionInterceptor.java:123)
	at org.springframework.transaction.interceptor.TransactionAspectSupport.invokeWithinTransaction(TransactionAspectSupport.java:388)
	at org.springframework.transaction.interceptor.TransactionInterceptor.invoke(TransactionInterceptor.java:119)
	at org.springframework.aop.framework.ReflectiveMethodInvocation.proceed(ReflectiveMethodInvocation.java:186)
	at org.springframework.aop.framework.CglibAopProxy$CglibMethodInvocation.proceed(CglibAopProxy.java:762)
	at org.springframework.aop.framework.CglibAopProxy$DynamicAdvisedInterceptor.intercept(CglibAopProxy.java:707)
	at ORM.OneToManyExample.Mybatis.StudentService$$EnhancerBySpringCGLIB$$23a7b68c.findAllWithCourses(<generated>)
	at ORM.OneToManyExample.Mybatis.Application.run(Application.java:24)
	at ORM.OneToManyExample.Mybatis.Application$$FastClassBySpringCGLIB$$f8f54215.invoke(<generated>)
	at org.springframework.cglib.proxy.MethodProxy.invoke(MethodProxy.java:218)
	at org.springframework.aop.framework.CglibAopProxy$CglibMethodInvocation.invokeJoinpoint(CglibAopProxy.java:792)
	at org.springframework.aop.framework.ReflectiveMethodInvocation.proceed(ReflectiveMethodInvocation.java:163)
	at org.springframework.aop.framework.CglibAopProxy$CglibMethodInvocation.proceed(CglibAopProxy.java:762)
	at org.springframework.transaction.interceptor.TransactionInterceptor$1.proceedWithInvocation(TransactionInterceptor.java:123)
	at org.springframework.transaction.interceptor.TransactionAspectSupport.invokeWithinTransaction(TransactionAspectSupport.java:388)
	at org.springframework.transaction.interceptor.TransactionInterceptor.invoke(TransactionInterceptor.java:119)
	at org.springframework.aop.framework.ReflectiveMethodInvocation.proceed(ReflectiveMethodInvocation.java:186)
	at org.springframework.aop.framework.CglibAopProxy$CglibMethodInvocation.proceed(CglibAopProxy.java:762)
	at org.springframework.aop.framework.CglibAopProxy$DynamicAdvisedInterceptor.intercept(CglibAopProxy.java:707)
	at ORM.OneToManyExample.Mybatis.Application$$EnhancerBySpringCGLIB$$7c63445.run(<generated>)
	at org.springframework.boot.SpringApplication.callRunner(SpringApplication.java:765)
	... 14 common frames omitted
2026-03-10 20:20:20.815 [main] INFO  o.s.o.j.LocalContainerEntityManagerFactoryBean - Closing JPA EntityManagerFactory for persistence unit 'default'
2026-03-10 20:20:20.816 [main] INFO  com.zaxxer.hikari.HikariDataSource - HikariPool-1 - Shutdown initiated...
2026-03-10 20:20:20.819 [main] INFO  com.zaxxer.hikari.HikariDataSource - HikariPool-1 - Shutdown completed.
2026-03-10 20:22:32.277 [main] INFO  O.O.Mybatis.Application - Starting Application using Java 1.8.0_212 on kaq with PID 44620 (D:\JavaCodeExercise\MavenProject\target\classes started by l1597 in D:\JavaCodeExercise\MavenProject)
2026-03-10 20:22:32.280 [main] INFO  O.O.Mybatis.Application - No active profile set, falling back to 1 default profile: "default"
2026-03-10 20:22:32.601 [main] INFO  o.s.d.r.c.RepositoryConfigurationDelegate - Bootstrapping Spring Data JPA repositories in DEFAULT mode.
2026-03-10 20:22:32.607 [main] INFO  o.s.d.r.c.RepositoryConfigurationDelegate - Finished Spring Data repository scanning in 2 ms. Found 0 JPA repository interfaces.
2026-03-10 20:22:32.846 [main] INFO  o.s.b.w.e.tomcat.TomcatWebServer - Tomcat initialized with port(s): 8080 (http)
2026-03-10 20:22:32.849 [main] INFO  o.a.coyote.http11.Http11NioProtocol - Initializing ProtocolHandler ["http-nio-8080"]
2026-03-10 20:22:32.850 [main] INFO  o.a.catalina.core.StandardService - Starting service [Tomcat]
2026-03-10 20:22:32.850 [main] INFO  o.a.catalina.core.StandardEngine - Starting Servlet engine: [Apache Tomcat/9.0.83]
2026-03-10 20:22:32.928 [main] INFO  o.a.c.c.C.[Tomcat].[localhost].[/] - Initializing Spring embedded WebApplicationContext
2026-03-10 20:22:32.928 [main] INFO  o.s.b.w.s.c.ServletWebServerApplicationContext - Root WebApplicationContext: initialization completed in 618 ms
2026-03-10 20:22:33.017 [main] INFO  o.h.jpa.internal.util.LogHelper - HHH000204: Processing PersistenceUnitInfo [name: default]
2026-03-10 20:22:33.037 [main] INFO  org.hibernate.Version - HHH000412: Hibernate ORM core version 5.6.15.Final
2026-03-10 20:22:33.103 [main] INFO  o.h.annotations.common.Version - HCANN000001: Hibernate Commons Annotations {5.1.2.Final}
2026-03-10 20:22:33.217 [main] INFO  com.zaxxer.hikari.HikariDataSource - HikariPool-1 - Starting...
2026-03-10 20:22:33.277 [main] INFO  com.zaxxer.hikari.HikariDataSource - HikariPool-1 - Start completed.
2026-03-10 20:22:33.284 [main] INFO  org.hibernate.dialect.Dialect - HHH000400: Using dialect: org.hibernate.dialect.MySQL8Dialect
2026-03-10 20:22:33.379 [main] INFO  o.h.e.t.j.p.i.JtaPlatformInitiator - HHH000490: Using JtaPlatform implementation: [org.hibernate.engine.transaction.jta.platform.internal.NoJtaPlatform]
2026-03-10 20:22:33.385 [main] INFO  o.s.o.j.LocalContainerEntityManagerFactoryBean - Initialized JPA EntityManagerFactory for persistence unit 'default'
2026-03-10 20:22:33.436 [main] WARN  o.s.b.w.s.c.AnnotationConfigServletWebServerApplicationContext - Exception encountered during context initialization - cancelling refresh attempt: org.springframework.beans.factory.UnsatisfiedDependencyException: Error creating bean with name 'application': Unsatisfied dependency expressed through field 'studentService'; nested exception is org.springframework.beans.factory.UnsatisfiedDependencyException: Error creating bean with name 'studentService' defined in file [D:\JavaCodeExercise\MavenProject\target\classes\ORM\OneToManyExample\Mybatis\StudentService.class]: Unsatisfied dependency expressed through constructor parameter 0; nested exception is org.springframework.beans.factory.BeanCreationException: Error creating bean with name 'studentMapper' defined in file [D:\JavaCodeExercise\MavenProject\target\classes\ORM\OneToManyExample\Mybatis\StudentMapper.class]: Cannot resolve reference to bean 'sqlSessionTemplate' while setting bean property 'sqlSessionTemplate'; nested exception is org.springframework.beans.factory.UnsatisfiedDependencyException: Error creating bean with name 'sqlSessionTemplate' defined in class path resource [org/mybatis/spring/boot/autoconfigure/MybatisAutoConfiguration.class]: Unsatisfied dependency expressed through method 'sqlSessionTemplate' parameter 0; nested exception is org.springframework.beans.factory.BeanCreationException: Error creating bean with name 'sqlSessionFactory' defined in class path resource [org/mybatis/spring/boot/autoconfigure/MybatisAutoConfiguration.class]: Bean instantiation via factory method failed; nested exception is org.springframework.beans.BeanInstantiationException: Failed to instantiate [org.apache.ibatis.session.SqlSessionFactory]: Factory method 'sqlSessionFactory' threw exception; nested exception is java.io.IOException: Failed to parse mapping resource: 'class path resource [ORM/OneToManyExample/Mybatis/StudentMapper.xml]'
2026-03-10 20:22:33.436 [main] INFO  o.s.o.j.LocalContainerEntityManagerFactoryBean - Closing JPA EntityManagerFactory for persistence unit 'default'
2026-03-10 20:22:33.437 [main] INFO  com.zaxxer.hikari.HikariDataSource - HikariPool-1 - Shutdown initiated...
2026-03-10 20:22:33.440 [main] INFO  com.zaxxer.hikari.HikariDataSource - HikariPool-1 - Shutdown completed.
2026-03-10 20:22:33.441 [main] INFO  o.a.catalina.core.StandardService - Stopping service [Tomcat]
2026-03-10 20:22:33.446 [main] INFO  o.s.b.a.l.ConditionEvaluationReportLoggingListener - 

Error starting ApplicationContext. To display the conditions report re-run your application with 'debug' enabled.
2026-03-10 20:22:33.458 [main] ERROR o.s.boot.SpringApplication - Application run failed
org.springframework.beans.factory.UnsatisfiedDependencyException: Error creating bean with name 'application': Unsatisfied dependency expressed through field 'studentService'; nested exception is org.springframework.beans.factory.UnsatisfiedDependencyException: Error creating bean with name 'studentService' defined in file [D:\JavaCodeExercise\MavenProject\target\classes\ORM\OneToManyExample\Mybatis\StudentService.class]: Unsatisfied dependency expressed through constructor parameter 0; nested exception is org.springframework.beans.factory.BeanCreationException: Error creating bean with name 'studentMapper' defined in file [D:\JavaCodeExercise\MavenProject\target\classes\ORM\OneToManyExample\Mybatis\StudentMapper.class]: Cannot resolve reference to bean 'sqlSessionTemplate' while setting bean property 'sqlSessionTemplate'; nested exception is org.springframework.beans.factory.UnsatisfiedDependencyException: Error creating bean with name 'sqlSessionTemplate' defined in class path resource [org/mybatis/spring/boot/autoconfigure/MybatisAutoConfiguration.class]: Unsatisfied dependency expressed through method 'sqlSessionTemplate' parameter 0; nested exception is org.springframework.beans.factory.BeanCreationException: Error creating bean with name 'sqlSessionFactory' defined in class path resource [org/mybatis/spring/boot/autoconfigure/MybatisAutoConfiguration.class]: Bean instantiation via factory method failed; nested exception is org.springframework.beans.BeanInstantiationException: Failed to instantiate [org.apache.ibatis.session.SqlSessionFactory]: Factory method 'sqlSessionFactory' threw exception; nested exception is java.io.IOException: Failed to parse mapping resource: 'class path resource [ORM/OneToManyExample/Mybatis/StudentMapper.xml]'
	at org.springframework.beans.factory.annotation.AutowiredAnnotationBeanPostProcessor$AutowiredFieldElement.resolveFieldValue(AutowiredAnnotationBeanPostProcessor.java:713)
	at org.springframework.beans.factory.annotation.AutowiredAnnotationBeanPostProcessor$AutowiredFieldElement.inject(AutowiredAnnotationBeanPostProcessor.java:693)
	at org.springframework.beans.factory.annotation.InjectionMetadata.inject(InjectionMetadata.java:119)
	at org.springframework.beans.factory.annotation.AutowiredAnnotationBeanPostProcessor.postProcessProperties(AutowiredAnnotationBeanPostProcessor.java:408)
	at org.springframework.beans.factory.support.AbstractAutowireCapableBeanFactory.populateBean(AbstractAutowireCapableBeanFactory.java:1431)
	at org.springframework.beans.factory.support.AbstractAutowireCapableBeanFactory.doCreateBean(AbstractAutowireCapableBeanFactory.java:619)
	at org.springframework.beans.factory.support.AbstractAutowireCapableBeanFactory.createBean(AbstractAutowireCapableBeanFactory.java:542)
	at org.springframework.beans.factory.support.AbstractBeanFactory.lambda$doGetBean$0(AbstractBeanFactory.java:335)
	at org.springframework.beans.factory.support.DefaultSingletonBeanRegistry.getSingleton(DefaultSingletonBeanRegistry.java:234)
	at org.springframework.beans.factory.support.AbstractBeanFactory.doGetBean(AbstractBeanFactory.java:333)
	at org.springframework.beans.factory.support.AbstractBeanFactory.getBean(AbstractBeanFactory.java:208)
	at org.springframework.beans.factory.support.DefaultListableBeanFactory.preInstantiateSingletons(DefaultListableBeanFactory.java:955)
	at org.springframework.context.support.AbstractApplicationContext.finishBeanFactoryInitialization(AbstractApplicationContext.java:929)
	at org.springframework.context.support.AbstractApplicationContext.refresh(AbstractApplicationContext.java:591)
	at org.springframework.boot.web.servlet.context.ServletWebServerApplicationContext.refresh(ServletWebServerApplicationContext.java:147)
	at org.springframework.boot.SpringApplication.refresh(SpringApplication.java:732)
	at org.springframework.boot.SpringApplication.refreshContext(SpringApplication.java:409)
	at org.springframework.boot.SpringApplication.run(SpringApplication.java:308)
	at org.springframework.boot.SpringApplication.run(SpringApplication.java:1300)
	at org.springframework.boot.SpringApplication.run(SpringApplication.java:1289)
	at ORM.OneToManyExample.Mybatis.Application.main(Application.java:18)
Caused by: org.springframework.beans.factory.UnsatisfiedDependencyException: Error creating bean with name 'studentService' defined in file [D:\JavaCodeExercise\MavenProject\target\classes\ORM\OneToManyExample\Mybatis\StudentService.class]: Unsatisfied dependency expressed through constructor parameter 0; nested exception is org.springframework.beans.factory.BeanCreationException: Error creating bean with name 'studentMapper' defined in file [D:\JavaCodeExercise\MavenProject\target\classes\ORM\OneToManyExample\Mybatis\StudentMapper.class]: Cannot resolve reference to bean 'sqlSessionTemplate' while setting bean property 'sqlSessionTemplate'; nested exception is org.springframework.beans.factory.UnsatisfiedDependencyException: Error creating bean with name 'sqlSessionTemplate' defined in class path resource [org/mybatis/spring/boot/autoconfigure/MybatisAutoConfiguration.class]: Unsatisfied dependency expressed through method 'sqlSessionTemplate' parameter 0; nested exception is org.springframework.beans.factory.BeanCreationException: Error creating bean with name 'sqlSessionFactory' defined in class path resource [org/mybatis/spring/boot/autoconfigure/MybatisAutoConfiguration.class]: Bean instantiation via factory method failed; nested exception is org.springframework.beans.BeanInstantiationException: Failed to instantiate [org.apache.ibatis.session.SqlSessionFactory]: Factory method 'sqlSessionFactory' threw exception; nested exception is java.io.IOException: Failed to parse mapping resource: 'class path resource [ORM/OneToManyExample/Mybatis/StudentMapper.xml]'
	at org.springframework.beans.factory.support.ConstructorResolver.createArgumentArray(ConstructorResolver.java:801)
	at org.springframework.beans.factory.support.ConstructorResolver.autowireConstructor(ConstructorResolver.java:224)
	at org.springframework.beans.factory.support.AbstractAutowireCapableBeanFactory.autowireConstructor(AbstractAutowireCapableBeanFactory.java:1372)
	at org.springframework.beans.factory.support.AbstractAutowireCapableBeanFactory.createBeanInstance(AbstractAutowireCapableBeanFactory.java:1222)
	at org.springframework.beans.factory.support.AbstractAutowireCapableBeanFactory.doCreateBean(AbstractAutowireCapableBeanFactory.java:582)
	at org.springframework.beans.factory.support.AbstractAutowireCapableBeanFactory.createBean(AbstractAutowireCapableBeanFactory.java:542)
	at org.springframework.beans.factory.support.AbstractBeanFactory.lambda$doGetBean$0(AbstractBeanFactory.java:335)
	at org.springframework.beans.factory.support.DefaultSingletonBeanRegistry.getSingleton(DefaultSingletonBeanRegistry.java:234)
	at org.springframework.beans.factory.support.AbstractBeanFactory.doGetBean(AbstractBeanFactory.java:333)
	at org.springframework.beans.factory.support.AbstractBeanFactory.getBean(AbstractBeanFactory.java:208)
	at org.springframework.beans.factory.config.DependencyDescriptor.resolveCandidate(DependencyDescriptor.java:276)
	at org.springframework.beans.factory.support.DefaultListableBeanFactory.doResolveDependency(DefaultListableBeanFactory.java:1391)
	at org.springframework.beans.factory.support.DefaultListableBeanFactory.resolveDependency(DefaultListableBeanFactory.java:1311)
	at org.springframework.beans.factory.annotation.AutowiredAnnotationBeanPostProcessor$AutowiredFieldElement.resolveFieldValue(AutowiredAnnotationBeanPostProcessor.java:710)
	... 20 common frames omitted
Caused by: org.springframework.beans.factory.BeanCreationException: Error creating bean with name 'studentMapper' defined in file [D:\JavaCodeExercise\MavenProject\target\classes\ORM\OneToManyExample\Mybatis\StudentMapper.class]: Cannot resolve reference to bean 'sqlSessionTemplate' while setting bean property 'sqlSessionTemplate'; nested exception is org.springframework.beans.factory.UnsatisfiedDependencyException: Error creating bean with name 'sqlSessionTemplate' defined in class path resource [org/mybatis/spring/boot/autoconfigure/MybatisAutoConfiguration.class]: Unsatisfied dependency expressed through method 'sqlSessionTemplate' parameter 0; nested exception is org.springframework.beans.factory.BeanCreationException: Error creating bean with name 'sqlSessionFactory' defined in class path resource [org/mybatis/spring/boot/autoconfigure/MybatisAutoConfiguration.class]: Bean instantiation via factory method failed; nested exception is org.springframework.beans.BeanInstantiationException: Failed to instantiate [org.apache.ibatis.session.SqlSessionFactory]: Factory method 'sqlSessionFactory' threw exception; nested exception is java.io.IOException: Failed to parse mapping resource: 'class path resource [ORM/OneToManyExample/Mybatis/StudentMapper.xml]'
	at org.springframework.beans.factory.support.BeanDefinitionValueResolver.resolveReference(BeanDefinitionValueResolver.java:342)
	at org.springframework.beans.factory.support.BeanDefinitionValueResolver.resolveValueIfNecessary(BeanDefinitionValueResolver.java:113)
	at org.springframework.beans.factory.support.AbstractAutowireCapableBeanFactory.applyPropertyValues(AbstractAutowireCapableBeanFactory.java:1707)
	at org.springframework.beans.factory.support.AbstractAutowireCapableBeanFactory.populateBean(AbstractAutowireCapableBeanFactory.java:1452)
	at org.springframework.beans.factory.support.AbstractAutowireCapableBeanFactory.doCreateBean(AbstractAutowireCapableBeanFactory.java:619)
	at org.springframework.beans.factory.support.AbstractAutowireCapableBeanFactory.createBean(AbstractAutowireCapableBeanFactory.java:542)
	at org.springframework.beans.factory.support.AbstractBeanFactory.lambda$doGetBean$0(AbstractBeanFactory.java:335)
	at org.springframework.beans.factory.support.DefaultSingletonBeanRegistry.getSingleton(DefaultSingletonBeanRegistry.java:234)
	at org.springframework.beans.factory.support.AbstractBeanFactory.doGetBean(AbstractBeanFactory.java:333)
	at org.springframework.beans.factory.support.AbstractBeanFactory.getBean(AbstractBeanFactory.java:208)
	at org.springframework.beans.factory.config.DependencyDescriptor.resolveCandidate(DependencyDescriptor.java:276)
	at org.springframework.beans.factory.support.DefaultListableBeanFactory.doResolveDependency(DefaultListableBeanFactory.java:1391)
	at org.springframework.beans.factory.support.DefaultListableBeanFactory.resolveDependency(DefaultListableBeanFactory.java:1311)
	at org.springframework.beans.factory.support.ConstructorResolver.resolveAutowiredArgument(ConstructorResolver.java:911)
	at org.springframework.beans.factory.support.ConstructorResolver.createArgumentArray(ConstructorResolver.java:788)
	... 33 common frames omitted
Caused by: org.springframework.beans.factory.UnsatisfiedDependencyException: Error creating bean with name 'sqlSessionTemplate' defined in class path resource [org/mybatis/spring/boot/autoconfigure/MybatisAutoConfiguration.class]: Unsatisfied dependency expressed through method 'sqlSessionTemplate' parameter 0; nested exception is org.springframework.beans.factory.BeanCreationException: Error creating bean with name 'sqlSessionFactory' defined in class path resource [org/mybatis/spring/boot/autoconfigure/MybatisAutoConfiguration.class]: Bean instantiation via factory method failed; nested exception is org.springframework.beans.BeanInstantiationException: Failed to instantiate [org.apache.ibatis.session.SqlSessionFactory]: Factory method 'sqlSessionFactory' threw exception; nested exception is java.io.IOException: Failed to parse mapping resource: 'class path resource [ORM/OneToManyExample/Mybatis/StudentMapper.xml]'
	at org.springframework.beans.factory.support.ConstructorResolver.createArgumentArray(ConstructorResolver.java:801)
	at org.springframework.beans.factory.support.ConstructorResolver.instantiateUsingFactoryMethod(ConstructorResolver.java:536)
	at org.springframework.beans.factory.support.AbstractAutowireCapableBeanFactory.instantiateUsingFactoryMethod(AbstractAutowireCapableBeanFactory.java:1352)
	at org.springframework.beans.factory.support.AbstractAutowireCapableBeanFactory.createBeanInstance(AbstractAutowireCapableBeanFactory.java:1195)
	at org.springframework.beans.factory.support.AbstractAutowireCapableBeanFactory.doCreateBean(AbstractAutowireCapableBeanFactory.java:582)
	at org.springframework.beans.factory.support.AbstractAutowireCapableBeanFactory.createBean(AbstractAutowireCapableBeanFactory.java:542)
	at org.springframework.beans.factory.support.AbstractBeanFactory.lambda$doGetBean$0(AbstractBeanFactory.java:335)
	at org.springframework.beans.factory.support.DefaultSingletonBeanRegistry.getSingleton(DefaultSingletonBeanRegistry.java:234)
	at org.springframework.beans.factory.support.AbstractBeanFactory.doGetBean(AbstractBeanFactory.java:333)
	at org.springframework.beans.factory.support.AbstractBeanFactory.getBean(AbstractBeanFactory.java:208)
	at org.springframework.beans.factory.support.BeanDefinitionValueResolver.resolveReference(BeanDefinitionValueResolver.java:330)
	... 47 common frames omitted
Caused by: org.springframework.beans.factory.BeanCreationException: Error creating bean with name 'sqlSessionFactory' defined in class path resource [org/mybatis/spring/boot/autoconfigure/MybatisAutoConfiguration.class]: Bean instantiation via factory method failed; nested exception is org.springframework.beans.BeanInstantiationException: Failed to instantiate [org.apache.ibatis.session.SqlSessionFactory]: Factory method 'sqlSessionFactory' threw exception; nested exception is java.io.IOException: Failed to parse mapping resource: 'class path resource [ORM/OneToManyExample/Mybatis/StudentMapper.xml]'
	at org.springframework.beans.factory.support.ConstructorResolver.instantiate(ConstructorResolver.java:653)
	at org.springframework.beans.factory.support.ConstructorResolver.instantiateUsingFactoryMethod(ConstructorResolver.java:633)
	at org.springframework.beans.factory.support.AbstractAutowireCapableBeanFactory.instantiateUsingFactoryMethod(AbstractAutowireCapableBeanFactory.java:1352)
	at org.springframework.beans.factory.support.AbstractAutowireCapableBeanFactory.createBeanInstance(AbstractAutowireCapableBeanFactory.java:1195)
	at org.springframework.beans.factory.support.AbstractAutowireCapableBeanFactory.doCreateBean(AbstractAutowireCapableBeanFactory.java:582)
	at org.springframework.beans.factory.support.AbstractAutowireCapableBeanFactory.createBean(AbstractAutowireCapableBeanFactory.java:542)
	at org.springframework.beans.factory.support.AbstractBeanFactory.lambda$doGetBean$0(AbstractBeanFactory.java:335)
	at org.springframework.beans.factory.support.DefaultSingletonBeanRegistry.getSingleton(DefaultSingletonBeanRegistry.java:234)
	at org.springframework.beans.factory.support.AbstractBeanFactory.doGetBean(AbstractBeanFactory.java:333)
	at org.springframework.beans.factory.support.AbstractBeanFactory.getBean(AbstractBeanFactory.java:208)
	at org.springframework.beans.factory.config.DependencyDescriptor.resolveCandidate(DependencyDescriptor.java:276)
	at org.springframework.beans.factory.support.DefaultListableBeanFactory.doResolveDependency(DefaultListableBeanFactory.java:1391)
	at org.springframework.beans.factory.support.DefaultListableBeanFactory.resolveDependency(DefaultListableBeanFactory.java:1311)
	at org.springframework.beans.factory.support.ConstructorResolver.resolveAutowiredArgument(ConstructorResolver.java:911)
	at org.springframework.beans.factory.support.ConstructorResolver.createArgumentArray(ConstructorResolver.java:788)
	... 57 common frames omitted
Caused by: org.springframework.beans.BeanInstantiationException: Failed to instantiate [org.apache.ibatis.session.SqlSessionFactory]: Factory method 'sqlSessionFactory' threw exception; nested exception is java.io.IOException: Failed to parse mapping resource: 'class path resource [ORM/OneToManyExample/Mybatis/StudentMapper.xml]'
	at org.springframework.beans.factory.support.SimpleInstantiationStrategy.instantiate(SimpleInstantiationStrategy.java:185)
	at org.springframework.beans.factory.support.ConstructorResolver.instantiate(ConstructorResolver.java:648)
	... 71 common frames omitted
Caused by: java.io.IOException: Failed to parse mapping resource: 'class path resource [ORM/OneToManyExample/Mybatis/StudentMapper.xml]'
	at org.mybatis.spring.SqlSessionFactoryBean.buildSqlSessionFactory(SqlSessionFactoryBean.java:615)
	at org.mybatis.spring.SqlSessionFactoryBean.afterPropertiesSet(SqlSessionFactoryBean.java:492)
	at org.mybatis.spring.SqlSessionFactoryBean.getObject(SqlSessionFactoryBean.java:635)
	at org.mybatis.spring.boot.autoconfigure.MybatisAutoConfiguration.sqlSessionFactory(MybatisAutoConfiguration.java:187)
	at org.mybatis.spring.boot.autoconfigure.MybatisAutoConfiguration$$EnhancerBySpringCGLIB$$1ebccbf8.CGLIB$sqlSessionFactory$2(<generated>)
	at org.mybatis.spring.boot.autoconfigure.MybatisAutoConfiguration$$EnhancerBySpringCGLIB$$1ebccbf8$$FastClassBySpringCGLIB$$3cb6ae74.invoke(<generated>)
	at org.springframework.cglib.proxy.MethodProxy.invokeSuper(MethodProxy.java:244)
	at org.springframework.context.annotation.ConfigurationClassEnhancer$BeanMethodInterceptor.intercept(ConfigurationClassEnhancer.java:331)
	at org.mybatis.spring.boot.autoconfigure.MybatisAutoConfiguration$$EnhancerBySpringCGLIB$$1ebccbf8.sqlSessionFactory(<generated>)
	at sun.reflect.NativeMethodAccessorImpl.invoke0(Native Method)
	at sun.reflect.NativeMethodAccessorImpl.invoke(NativeMethodAccessorImpl.java:62)
	at sun.reflect.DelegatingMethodAccessorImpl.invoke(DelegatingMethodAccessorImpl.java:43)
	at java.lang.reflect.Method.invoke(Method.java:498)
	at org.springframework.beans.factory.support.SimpleInstantiationStrategy.instantiate(SimpleInstantiationStrategy.java:154)
	... 72 common frames omitted
Caused by: java.io.FileNotFoundException: class path resource [ORM/OneToManyExample/Mybatis/StudentMapper.xml] cannot be opened because it does not exist
	at org.springframework.core.io.ClassPathResource.getInputStream(ClassPathResource.java:203)
	at org.mybatis.spring.SqlSessionFactoryBean.buildSqlSessionFactory(SqlSessionFactoryBean.java:611)
	... 85 common frames omitted
2026-03-10 20:28:52.866 [main] INFO  O.O.Mybatis.Application - Starting Application using Java 1.8.0_212 on kaq with PID 38200 (D:\JavaCodeExercise\MavenProject\target\classes started by l1597 in D:\JavaCodeExercise\MavenProject)
2026-03-10 20:28:52.868 [main] INFO  O.O.Mybatis.Application - No active profile set, falling back to 1 default profile: "default"
2026-03-10 20:28:53.215 [main] INFO  o.s.d.r.c.RepositoryConfigurationDelegate - Bootstrapping Spring Data JPA repositories in DEFAULT mode.
2026-03-10 20:28:53.222 [main] INFO  o.s.d.r.c.RepositoryConfigurationDelegate - Finished Spring Data repository scanning in 2 ms. Found 0 JPA repository interfaces.
2026-03-10 20:28:53.455 [main] INFO  o.s.b.w.e.tomcat.TomcatWebServer - Tomcat initialized with port(s): 8080 (http)
2026-03-10 20:28:53.459 [main] INFO  o.a.coyote.http11.Http11NioProtocol - Initializing ProtocolHandler ["http-nio-8080"]
2026-03-10 20:28:53.460 [main] INFO  o.a.catalina.core.StandardService - Starting service [Tomcat]
2026-03-10 20:28:53.460 [main] INFO  o.a.catalina.core.StandardEngine - Starting Servlet engine: [Apache Tomcat/9.0.83]
2026-03-10 20:28:53.540 [main] INFO  o.a.c.c.C.[Tomcat].[localhost].[/] - Initializing Spring embedded WebApplicationContext
2026-03-10 20:28:53.540 [main] INFO  o.s.b.w.s.c.ServletWebServerApplicationContext - Root WebApplicationContext: initialization completed in 638 ms
2026-03-10 20:28:53.623 [main] INFO  o.h.jpa.internal.util.LogHelper - HHH000204: Processing PersistenceUnitInfo [name: default]
2026-03-10 20:28:53.641 [main] INFO  org.hibernate.Version - HHH000412: Hibernate ORM core version 5.6.15.Final
2026-03-10 20:28:53.699 [main] INFO  o.h.annotations.common.Version - HCANN000001: Hibernate Commons Annotations {5.1.2.Final}
2026-03-10 20:28:53.800 [main] INFO  com.zaxxer.hikari.HikariDataSource - HikariPool-1 - Starting...
2026-03-10 20:28:53.856 [main] INFO  com.zaxxer.hikari.HikariDataSource - HikariPool-1 - Start completed.
2026-03-10 20:28:53.862 [main] INFO  org.hibernate.dialect.Dialect - HHH000400: Using dialect: org.hibernate.dialect.MySQL8Dialect
2026-03-10 20:28:53.952 [main] INFO  o.h.e.t.j.p.i.JtaPlatformInitiator - HHH000490: Using JtaPlatform implementation: [org.hibernate.engine.transaction.jta.platform.internal.NoJtaPlatform]
2026-03-10 20:28:53.958 [main] INFO  o.s.o.j.LocalContainerEntityManagerFactoryBean - Initialized JPA EntityManagerFactory for persistence unit 'default'
2026-03-10 20:28:54.103 [main] WARN  o.s.b.a.o.j.JpaBaseConfiguration$JpaWebConfiguration - spring.jpa.open-in-view is enabled by default. Therefore, database queries may be performed during view rendering. Explicitly configure spring.jpa.open-in-view to disable this warning
2026-03-10 20:28:54.238 [main] INFO  o.a.coyote.http11.Http11NioProtocol - Starting ProtocolHandler ["http-nio-8080"]
2026-03-10 20:28:54.246 [main] INFO  o.s.b.w.e.tomcat.TomcatWebServer - Tomcat started on port(s): 8080 (http) with context path ''
2026-03-10 20:28:54.251 [main] INFO  O.O.Mybatis.Application - Started Application in 1.612 seconds (JVM running for 2.207)
2026-03-10 20:28:54.325 [main] INFO  o.s.b.a.l.ConditionEvaluationReportLoggingListener - 

Error starting ApplicationContext. To display the conditions report re-run your application with 'debug' enabled.
2026-03-10 20:28:54.334 [main] ERROR o.s.boot.SpringApplication - Application run failed
java.lang.IllegalStateException: Failed to execute CommandLineRunner
	at org.springframework.boot.SpringApplication.callRunner(SpringApplication.java:768)
	at org.springframework.boot.SpringApplication.lambda$callRunners$2(SpringApplication.java:749)
	at java.util.stream.ForEachOps$ForEachOp$OfRef.accept(ForEachOps.java:184)
	at java.util.stream.SortedOps$SizedRefSortingSink.end(SortedOps.java:352)
	at java.util.stream.AbstractPipeline.copyInto(AbstractPipeline.java:482)
	at java.util.stream.AbstractPipeline.wrapAndCopyInto(AbstractPipeline.java:471)
	at java.util.stream.ForEachOps$ForEachOp.evaluateSequential(ForEachOps.java:151)
	at java.util.stream.ForEachOps$ForEachOp$OfRef.evaluateSequential(ForEachOps.java:174)
	at java.util.stream.AbstractPipeline.evaluate(AbstractPipeline.java:234)
	at java.util.stream.ReferencePipeline.forEach(ReferencePipeline.java:418)
	at org.springframework.boot.SpringApplication.callRunners(SpringApplication.java:744)
	at org.springframework.boot.SpringApplication.run(SpringApplication.java:315)
	at org.springframework.boot.SpringApplication.run(SpringApplication.java:1300)
	at org.springframework.boot.SpringApplication.run(SpringApplication.java:1289)
	at ORM.OneToManyExample.Mybatis.Application.main(Application.java:18)
Caused by: org.springframework.jdbc.BadSqlGrammarException: 
### Error querying database.  Cause: java.sql.SQLSyntaxErrorException: Unknown column 'e.id' in 'field list'
### The error may exist in class path resource [ORM/OneToManyExample/Mybatis/StudentMapper.xml]
### The error may involve defaultParameterMap
### The error occurred while setting parameters
### SQL: SELECT             s.id as s_id,             s.name as s_name,             s.age as s_age,             s.email as s_email,             e.id as e_id,             e.score as e_score,             c.id as c_id,             c.name as c_name         FROM student s                  LEFT JOIN enrollment e ON s.id = e.student_id                  LEFT JOIN course c ON e.course_id = c.id         ORDER BY s.id
### Cause: java.sql.SQLSyntaxErrorException: Unknown column 'e.id' in 'field list'
; bad SQL grammar []; nested exception is java.sql.SQLSyntaxErrorException: Unknown column 'e.id' in 'field list'
	at org.springframework.jdbc.support.SQLErrorCodeSQLExceptionTranslator.doTranslate(SQLErrorCodeSQLExceptionTranslator.java:236)
	at org.springframework.jdbc.support.AbstractFallbackSQLExceptionTranslator.translate(AbstractFallbackSQLExceptionTranslator.java:73)
	at org.mybatis.spring.MyBatisExceptionTranslator.translateExceptionIfPossible(MyBatisExceptionTranslator.java:92)
	at org.mybatis.spring.SqlSessionTemplate$SqlSessionInterceptor.invoke(SqlSessionTemplate.java:439)
	at com.sun.proxy.$Proxy78.selectList(Unknown Source)
	at org.mybatis.spring.SqlSessionTemplate.selectList(SqlSessionTemplate.java:224)
	at org.apache.ibatis.binding.MapperMethod.executeForMany(MapperMethod.java:147)
	at org.apache.ibatis.binding.MapperMethod.execute(MapperMethod.java:80)
	at org.apache.ibatis.binding.MapperProxy$PlainMethodInvoker.invoke(MapperProxy.java:145)
	at org.apache.ibatis.binding.MapperProxy.invoke(MapperProxy.java:86)
	at com.sun.proxy.$Proxy79.selectAllWithCourses(Unknown Source)
	at ORM.OneToManyExample.Mybatis.StudentService.findAllWithCourses(StudentService.java:18)
	at ORM.OneToManyExample.Mybatis.StudentService$$FastClassBySpringCGLIB$$b1bc515.invoke(<generated>)
	at org.springframework.cglib.proxy.MethodProxy.invoke(MethodProxy.java:218)
	at org.springframework.aop.framework.CglibAopProxy$CglibMethodInvocation.invokeJoinpoint(CglibAopProxy.java:792)
	at org.springframework.aop.framework.ReflectiveMethodInvocation.proceed(ReflectiveMethodInvocation.java:163)
	at org.springframework.aop.framework.CglibAopProxy$CglibMethodInvocation.proceed(CglibAopProxy.java:762)
	at org.springframework.transaction.interceptor.TransactionInterceptor$1.proceedWithInvocation(TransactionInterceptor.java:123)
	at org.springframework.transaction.interceptor.TransactionAspectSupport.invokeWithinTransaction(TransactionAspectSupport.java:388)
	at org.springframework.transaction.interceptor.TransactionInterceptor.invoke(TransactionInterceptor.java:119)
	at org.springframework.aop.framework.ReflectiveMethodInvocation.proceed(ReflectiveMethodInvocation.java:186)
	at org.springframework.aop.framework.CglibAopProxy$CglibMethodInvocation.proceed(CglibAopProxy.java:762)
	at org.springframework.aop.framework.CglibAopProxy$DynamicAdvisedInterceptor.intercept(CglibAopProxy.java:707)
	at ORM.OneToManyExample.Mybatis.StudentService$$EnhancerBySpringCGLIB$$ccbcad72.findAllWithCourses(<generated>)
	at ORM.OneToManyExample.Mybatis.Application.run(Application.java:24)
	at ORM.OneToManyExample.Mybatis.Application$$FastClassBySpringCGLIB$$f8f54215.invoke(<generated>)
	at org.springframework.cglib.proxy.MethodProxy.invoke(MethodProxy.java:218)
	at org.springframework.aop.framework.CglibAopProxy$CglibMethodInvocation.invokeJoinpoint(CglibAopProxy.java:792)
	at org.springframework.aop.framework.ReflectiveMethodInvocation.proceed(ReflectiveMethodInvocation.java:163)
	at org.springframework.aop.framework.CglibAopProxy$CglibMethodInvocation.proceed(CglibAopProxy.java:762)
	at org.springframework.transaction.interceptor.TransactionInterceptor$1.proceedWithInvocation(TransactionInterceptor.java:123)
	at org.springframework.transaction.interceptor.TransactionAspectSupport.invokeWithinTransaction(TransactionAspectSupport.java:388)
	at org.springframework.transaction.interceptor.TransactionInterceptor.invoke(TransactionInterceptor.java:119)
	at org.springframework.aop.framework.ReflectiveMethodInvocation.proceed(ReflectiveMethodInvocation.java:186)
	at org.springframework.aop.framework.CglibAopProxy$CglibMethodInvocation.proceed(CglibAopProxy.java:762)
	at org.springframework.aop.framework.CglibAopProxy$DynamicAdvisedInterceptor.intercept(CglibAopProxy.java:707)
	at ORM.OneToManyExample.Mybatis.Application$$EnhancerBySpringCGLIB$$b0db2b2b.run(<generated>)
	at org.springframework.boot.SpringApplication.callRunner(SpringApplication.java:765)
	... 14 common frames omitted
Caused by: java.sql.SQLSyntaxErrorException: Unknown column 'e.id' in 'field list'
	at com.mysql.cj.jdbc.exceptions.SQLError.createSQLException(SQLError.java:121)
	at com.mysql.cj.jdbc.exceptions.SQLExceptionsMapping.translateException(SQLExceptionsMapping.java:122)
	at com.mysql.cj.jdbc.ClientPreparedStatement.executeInternal(ClientPreparedStatement.java:916)
	at com.mysql.cj.jdbc.ClientPreparedStatement.execute(ClientPreparedStatement.java:354)
	at com.zaxxer.hikari.pool.ProxyPreparedStatement.execute(ProxyPreparedStatement.java:44)
	at com.zaxxer.hikari.pool.HikariProxyPreparedStatement.execute(HikariProxyPreparedStatement.java)
	at org.apache.ibatis.executor.statement.PreparedStatementHandler.query(PreparedStatementHandler.java:64)
	at org.apache.ibatis.executor.statement.RoutingStatementHandler.query(RoutingStatementHandler.java:79)
	at org.apache.ibatis.executor.SimpleExecutor.doQuery(SimpleExecutor.java:63)
	at org.apache.ibatis.executor.BaseExecutor.queryFromDatabase(BaseExecutor.java:325)
	at org.apache.ibatis.executor.BaseExecutor.query(BaseExecutor.java:156)
	at org.apache.ibatis.executor.CachingExecutor.query(CachingExecutor.java:109)
	at org.apache.ibatis.executor.CachingExecutor.query(CachingExecutor.java:89)
	at org.apache.ibatis.session.defaults.DefaultSqlSession.selectList(DefaultSqlSession.java:151)
	at org.apache.ibatis.session.defaults.DefaultSqlSession.selectList(DefaultSqlSession.java:145)
	at org.apache.ibatis.session.defaults.DefaultSqlSession.selectList(DefaultSqlSession.java:140)
	at sun.reflect.NativeMethodAccessorImpl.invoke0(Native Method)
	at sun.reflect.NativeMethodAccessorImpl.invoke(NativeMethodAccessorImpl.java:62)
	at sun.reflect.DelegatingMethodAccessorImpl.invoke(DelegatingMethodAccessorImpl.java:43)
	at java.lang.reflect.Method.invoke(Method.java:498)
	at org.mybatis.spring.SqlSessionTemplate$SqlSessionInterceptor.invoke(SqlSessionTemplate.java:425)
	... 48 common frames omitted
2026-03-10 20:28:54.439 [main] INFO  o.s.o.j.LocalContainerEntityManagerFactoryBean - Closing JPA EntityManagerFactory for persistence unit 'default'
2026-03-10 20:28:54.441 [main] INFO  com.zaxxer.hikari.HikariDataSource - HikariPool-1 - Shutdown initiated...
2026-03-10 20:28:54.448 [main] INFO  com.zaxxer.hikari.HikariDataSource - HikariPool-1 - Shutdown completed.
2026-03-10 20:35:12.993 [main] INFO  O.O.Mybatis.Application - Starting Application using Java 1.8.0_212 on kaq with PID 49700 (D:\JavaCodeExercise\MavenProject\target\classes started by l1597 in D:\JavaCodeExercise\MavenProject)
2026-03-10 20:35:12.995 [main] INFO  O.O.Mybatis.Application - No active profile set, falling back to 1 default profile: "default"
2026-03-10 20:35:13.308 [main] INFO  o.s.d.r.c.RepositoryConfigurationDelegate - Bootstrapping Spring Data JPA repositories in DEFAULT mode.
2026-03-10 20:35:13.315 [main] INFO  o.s.d.r.c.RepositoryConfigurationDelegate - Finished Spring Data repository scanning in 2 ms. Found 0 JPA repository interfaces.
2026-03-10 20:35:13.533 [main] INFO  o.s.b.w.e.tomcat.TomcatWebServer - Tomcat initialized with port(s): 8080 (http)
2026-03-10 20:35:13.537 [main] INFO  o.a.coyote.http11.Http11NioProtocol - Initializing ProtocolHandler ["http-nio-8080"]
2026-03-10 20:35:13.538 [main] INFO  o.a.catalina.core.StandardService - Starting service [Tomcat]
2026-03-10 20:35:13.538 [main] INFO  o.a.catalina.core.StandardEngine - Starting Servlet engine: [Apache Tomcat/9.0.83]
2026-03-10 20:35:13.617 [main] INFO  o.a.c.c.C.[Tomcat].[localhost].[/] - Initializing Spring embedded WebApplicationContext
2026-03-10 20:35:13.617 [main] INFO  o.s.b.w.s.c.ServletWebServerApplicationContext - Root WebApplicationContext: initialization completed in 594 ms
2026-03-10 20:35:13.715 [main] INFO  o.h.jpa.internal.util.LogHelper - HHH000204: Processing PersistenceUnitInfo [name: default]
2026-03-10 20:35:13.738 [main] INFO  org.hibernate.Version - HHH000412: Hibernate ORM core version 5.6.15.Final
2026-03-10 20:35:13.810 [main] INFO  o.h.annotations.common.Version - HCANN000001: Hibernate Commons Annotations {5.1.2.Final}
2026-03-10 20:35:13.923 [main] INFO  com.zaxxer.hikari.HikariDataSource - HikariPool-1 - Starting...
2026-03-10 20:35:13.984 [main] INFO  com.zaxxer.hikari.HikariDataSource - HikariPool-1 - Start completed.
2026-03-10 20:35:13.990 [main] INFO  org.hibernate.dialect.Dialect - HHH000400: Using dialect: org.hibernate.dialect.MySQL8Dialect
2026-03-10 20:35:14.076 [main] INFO  o.h.e.t.j.p.i.JtaPlatformInitiator - HHH000490: Using JtaPlatform implementation: [org.hibernate.engine.transaction.jta.platform.internal.NoJtaPlatform]
2026-03-10 20:35:14.080 [main] INFO  o.s.o.j.LocalContainerEntityManagerFactoryBean - Initialized JPA EntityManagerFactory for persistence unit 'default'
2026-03-10 20:35:14.200 [main] WARN  o.s.b.a.o.j.JpaBaseConfiguration$JpaWebConfiguration - spring.jpa.open-in-view is enabled by default. Therefore, database queries may be performed during view rendering. Explicitly configure spring.jpa.open-in-view to disable this warning
2026-03-10 20:35:14.337 [main] INFO  o.a.coyote.http11.Http11NioProtocol - Starting ProtocolHandler ["http-nio-8080"]
2026-03-10 20:35:14.346 [main] INFO  o.s.b.w.e.tomcat.TomcatWebServer - Tomcat started on port(s): 8080 (http) with context path ''
2026-03-10 20:35:14.351 [main] INFO  O.O.Mybatis.Application - Started Application in 1.563 seconds (JVM running for 2.145)
2026-03-10 20:35:29.815 [SpringApplicationShutdownHook] INFO  o.s.o.j.LocalContainerEntityManagerFactoryBean - Closing JPA EntityManagerFactory for persistence unit 'default'
2026-03-10 20:35:29.816 [SpringApplicationShutdownHook] INFO  com.zaxxer.hikari.HikariDataSource - HikariPool-1 - Shutdown initiated...
2026-03-10 20:35:29.819 [SpringApplicationShutdownHook] INFO  com.zaxxer.hikari.HikariDataSource - HikariPool-1 - Shutdown completed.
